id,name,url,platform,catalog_type,government_level,country,country_name,owner_name,owner_type,api_endpoint,dataset_count,status
datacatalog.510.global,510 Data Catalog,https://datacatalog.510.global,ckan,Open data portal,federal,NL,Netherlands,510 (Netherlands Red Cross),Civil society,https://datacatalog.510.global/api/3,0,active
data.aberdeencity.gov.uk,Aberdeen City Council Open Data Portal,https://data.aberdeencity.gov.uk,ckan,Open data portal,local,GB,United Kingdom,Aberdeen City Council,Local government,https://data.aberdeencity.gov.uk/api/3,0,active
data.ha.or.th,Accounting System for Healthcare Accreditation Institute (Public Organization),https://data.ha.or.th,ckan,Open data portal,federal,TH,Thailand,Healthcare Accreditation Institute (Public Organization),Central government,https://data.ha.or.th/api/3,33,active
catalog-acfs.data.go.th,ACFS Data Catalog,https://catalog-acfs.data.go.th,ckan,Open data portal,federal,TH,Thailand,Agricultural Commodity and Food Standards Office (ACFS),Central government,https://catalog-acfs.data.go.th/api/3,0,active
actionagainststunting.openfn.org,Action Against Stunting Data - Open Data Portal,https://actionagainststunting.openfn.org,ckan,Open data portal,federal,GB,United Kingdom,UKRI GCRF Action Against Stunting Hub,International,,0,active
datahub.hymarc.org,admin Open Data Portal,https://datahub.hymarc.org,ckan,Open data portal,federal,US,United States,admin,Academy,https://datahub.hymarc.org/api/3,0,active
ckan.africadatahub.org,Africa Data Hub CKAN Repository,https://ckan.africadatahub.org,ckan,Open data portal,federal,World,World,Open Cities Labs,Community,https://ckan.africadatahub.org/api/3,218,active
open.africa,Africa Largest Volunteer Driven Open Data Platform,https://open.africa,ckan,Open data portal,federal,Africa,Africa,Code for Africa,Civil society,https://open.africa/api/3,6967,active
africaopendata.org,Africa Open Data Open Data Portal,https://africaopendata.org,ckan,Open data portal,international,World,World,Africa Open Data,Civil society,https://africaopendata.org/api/3,6967,active
opendata.demo.ss-proj.org,African Centre for Media Excellence Open Data Portal,https://opendata.demo.ss-proj.org,ckan,Open data portal,federal,UG,Uganda,African Centre for Media Excellence,Civil society,,0,inactive
afrischolarrepository.net.ng,Afrischolar Discovery Initiative (ADI),https://afrischolarrepository.net.ng/,ckan,Open data portal,federal,NG,Nigeria,Afrischolar Discovery Initiative,Non-profit,,0,active
agefmad-backoffice.data4citizen.com,AGEFMA - Open Data Formation et Emploi Martinique,https://agefmad-backoffice.data4citizen.com,ckan,Open data portal,federal,FR,France,AGEFMA,Non-profit,https://agefmad-backoffice.data4citizen.com/api/3,61,active
trouver.ternum-bfc.fr,Agence Régionale du Numérique et de l'intelligence artificielle - ARNia Open data portal,https://trouver.ternum-bfc.fr,ckan,Open data portal,federal,FR,France,Agence Régionale du Numérique et de l'intelligence artificielle - ARNia,Regional government,,0,active
ckan.dev.aging-research.group,Aging Research Open Data Portal,https://ckan.dev.aging-research.group/,ckan,Open data portal,international,World,World,Aging Research,Academy,,0,active
opendata.alro.go.th,Agricultural land reform office open data (Thailand),http://opendata.alro.go.th,ckan,Open data portal,federal,TH,Thailand,Agricultural land reform office (Thailand),Central government,http://opendata.alro.go.th/api/3,0,active
ckan.sig.cm-agueda.pt,Águeda Open Data Platform,https://ckan.sig.cm-agueda.pt,ckan,Open data portal,local,PT,Portugal,Águeda City Council,Local government,https://ckan.sig.cm-agueda.pt/api/3,176,active
adr.unaids.org,AIDS Data Repository,https://adr.unaids.org,ckan,Open data portal,federal,World,World,UNAIDS,International,https://adr.unaids.org/api/3,597,active
opendata.reus.cat,Ajuntament de Reus - Open Data,https://opendata.reus.cat/cps_dataset,ckan,Open data portal,local,ES,Spain,Ajuntament de Reus,Local government,https://opendata.reus.cat/api/3,0,active
ckan.pref.akita.lg.jp,Akita prefecture open data,https://ckan.pref.akita.lg.jp,ckan,Open data portal,state,JP,Japan,Akita prefecture,Regional government,https://ckan.pref.akita.lg.jp/api/3,253,active
dados.al.gov.br,Alagoas em Dados A plataforma de dados abertos do estado.,https://dados.al.gov.br/catalogo,ckan,Open data portal,state,BR,Brazil,State of Alagoas,Regional government,https://dados.al.gov.br/catalogo/api/3,363,active
portal.dados.al.gov.br,Alagoas em Dados e Informações,https://portal.dados.al.gov.br,ckan,Open data portal,state,BR,Brazil,Alagoas State Government,Regional government,,0,active
arcticatlas.geobotany.org,Alaska Arctic Geoecological Atlas (AAGA) Data Catalog,https://arcticatlas.geobotany.org/catalog,ckan,Open data portal,state,US,United States,University of Alaska,Academy,https://arcticatlas.geobotany.org/catalog/api/3,0,active
catalog.epscor.alaska.edu,Alaska EPSCoR Central Portal,https://catalog.epscor.alaska.edu,ckan,Open data portal,state,US,United States,University of Alaska,Academy,https://catalog.epscor.alaska.edu/api/3,829,active
ckan.ali-sea.org,ALiSEA Agroecology Library,https://ckan.ali-sea.org,ckan,Open data portal,international,World,World,ALiSEA Regional Coordination Office,International,https://ckan.ali-sea.org/api/3,1029,active
t-opendata67.alsace.eu,Alsace region Open Data Portal,https://t-opendata67.alsace.eu,ckan,Open data portal,federal,FR,France,Alsace region,Regional government,https://t-opendata67.alsace.eu/api/3,0,active
platform.alternative-project.eu,ALTERNATIVE - Environmental Toxicity Chemical Mixtures Platform,https://platform.alternative-project.eu/,ckan,Open data portal,federal,EU,European Union,ALTERNATIVE Project,Academy,https://platform.alternative-project.eu/api/3,9,active
ambar.utpl.edu.ec,Ambar DataStore estadísticas,http://ambar.utpl.edu.ec,ckan,Open data portal,state,EC,Ecuador,Universidad Técnica Particular de Loja,Academy,http://ambar.utpl.edu.ec/api/3,0,active
ckan.americaview.org,AmericaView Resources,https://ckan.americaview.org,ckan,Open data portal,federal,US,United States,AmericaView,Civil society,https://ckan.americaview.org/api/3,257,active
data.amerigeoss.org,AmeriGEOSS Community Platform DataHub. (BETA),https://data.amerigeoss.org,ckan,Open data portal,federal,US,United States,AmeriGEOSS,Academy,https://data.amerigeoss.org/api/3,645296,active
amsterdamopendata.nl,Amsterdam Open Data,https://www.amsterdamopendata.nl/home,ckan,Open data portal,,NL,,,,https://data.amsterdamopendata.nl/api/,0,
data.anaee.eu,Analysis and experimentation on ecosystems data portal,https://data.anaee.eu,ckan,Open data portal,federal,EU,European Union,Analysis and experimentation on ecosystems EU Project,Academy,,0,active
embed.aging-research.group,Analytics Core - Cancer and Aging Research Group,https://embed.aging-research.group,ckan,Open data portal,federal,US,United States,Cancer and Aging Research Group,Academy,,0,active
data.boston.gov,Analyze Boston,https://data.boston.gov,ckan,Open data portal,local,US,United States,City of Boston,Local government,https://data.boston.gov/api/3,230,active
opendata.angus.gov.uk,Angus Open Data Hub,https://opendata.angus.gov.uk,ckan,Open data portal,local,GB,United Kingdom,Angus Council,Local government,http://opendata.angus.gov.uk/api/3,34,active
aperto.comune.torino.it,APERTO - Portale Open Data del Comune di Torino,http://aperto.comune.torino.it,ckan,Open data portal,local,IT,Italy,Citta de Torino,Local government,http://aperto.comune.torino.it/api/3,0,active
dataurbe.appcivico.com,AppCívico,https://dataurbe.appcivico.com,ckan,Open data portal,federal,LatinAmerica,Latin America,AppCivico,Civil society,,0,active
dataportal.aquacross.eu,AQUACROSS Data Portal,https://dataportal.aquacross.eu,ckan,Open data portal,federal,EU,European Union,AQUACROSS Project,Academy,https://dataportal.aquacross.eu/api/3,0,active
data.maintenance.org.au,ARC Training Centre for Transforming Maintenance through Data Science Open Data Portal,https://data.maintenance.org.au,ckan,Open data portal,federal,AU,Australia,ARC Training Centre for Transforming Maintenance through Data Science,Academy,https://data.maintenance.org.au/api/3,0,active
archive.data.gov.my,Archive Portal Data Terbuka Malaysia,https://archive.data.gov.my,ckan,Open data portal,federal,MY,Malaysia,Government of Malaysia,Central government,https://archive.data.gov.my/api/3,0,active
apgc.awi.de,Arctic Permafrost Geospatial Centre (APGC),https://apgc.awi.de,ckan,Open data portal,federal,DE,Germany,Arctic Permafrost Geospatial Centre,Academy,https://apgc.awi.de/api/3,469,active
opendata.arda.or.th,ARDA Opendata,https://opendata.arda.or.th,ckan,Open data portal,federal,TH,Thailand,"Agricultural Research Development Agency (ARDA), Thailand",Central government,https://opendata.arda.or.th/api/3,40,active
dati.arpacampania.it,Arpac Open Data è il portale,https://dati.arpacampania.it,ckan,Open data portal,state,IT,Italy,Agenzia Regionale per la Protezione dell'Ambiente,Regional government,https://dati.arpacampania.it/api/3,39,active
dataportal.asia,Asia Open Data Portal,https://dataportal.asia,ckan,Open data portal,federal,TW,Taiwan,Asia Open Data Partnership,International,https://dataportal.asia/api/3,0,active
opendata.asmenet.it,ASMENET OPENDATA,https://opendata.asmenet.it,ckan,Open data portal,state,IT,Italy,Asmenet,Business,https://opendata.asmenet.it/api/3,7,active
mdep.smdh.uk,Asset Explorer,https://mdep.smdh.uk/,ckan,Open data portal,federal,GB,United Kingdom,STFC Hartree Centre,Central government,https://mdep.smdh.uk/api/3,88,active
data.sefarad.com.tr,Association of Sephardic Centre of Istanbul Open Data Portal,https://data.sefarad.com.tr,ckan,Open data portal,federal,TR,Turkey,Association of Sephardic Centre of Istanbul,Civil society,https://data.sefarad.com.tr/api/3,0,active
datos.icane.es,atálogo de Información Estadística Pública de la Comunidad Autónoma de Cantabria,https://datos.icane.es,ckan,Open data portal,state,ES,Spain,Comunidad Autónoma de Cantabria,Regional government,https://datos.icane.es/api/3,256,active
opendata.sbcountyatc.gov,ATC OpenData,https://opendata.sbcountyatc.gov,ckan,Open data portal,local,US,United States,San Bernardino County Auditor-Controller/Treasurer-Tax Collector,Local government,https://opendata.sbcountyatc.gov/api/3,8,active
data.ata.gov.et,ATI Data portal,http://data.ata.gov.et,ckan,Open data portal,federal,ET,Ethiopia,Agricultural Transformation Agency - ATA,Central government,http://data.ata.gov.et/api/3,23,active
data.aurin.org.au,AURIN Data Catalogue,https://data.aurin.org.au,ckan,Open data portal,federal,AU,Australia,Government of Australia,Academy,https://data.aurin.org.au/api/3,4821,active
auroraldatacatalogue.eu,AURORAL Data Catalogue,https://auroraldatacatalogue.eu/,ckan,Open data portal,federal,EU,European Union,AURORAL Project,Academy,,0,active
data.gov.au,Australia data portal (CKAN),https://data.gov.au,ckan,Open data portal,federal,AU,Australia,Government of Australia,Central government,,0,active
datos.acumar.gov.ar,Autoridad de Cuenca Matanza Riachuelo - ACUMAR,https://datos.acumar.gov.ar,ckan,Open data portal,state,AR,Argentina,ACUMAR,Regional government,,0,active
datos.acumar.gob.ar,Autoridad de Cuenca Matanza Riachuelo (ACUMAR) Data Catalog,https://datos.acumar.gob.ar,ckan,Open data portal,state,AR,Argentina,Autoridad de Cuenca Matanza Riachuelo (ACUMAR),Central government,,0,active
data.avinor.no,AVINOR Datakatalog,https://data.avinor.no,ckan,Open data portal,state,NO,Norway,Avinor,Business,https://data.avinor.no/api/3,0,active
avoindata.fi,Avoindata.fi Data Catalog,https://avoindata.fi/data,ckan,Open data portal,federal,FI,Finland,Verkkopalvelun kehittämisestä vastaa,Central government,https://avoindata.fi/data/api/3,2493,active
awsis.akvotest.org,AWSIS - Water Security Information System,https://awsis.akvotest.org,ckan,Open data portal,state,IN,India,Alliance for Water Security in the Indian Sundarbans,Non-profit,,0,active
datosabiertos.ayto-alcorcon.es,Ayuntamiento de Alcorcón Open Data Portal,https://datosabiertos.ayto-alcorcon.es,ckan,Open data portal,federal,ES,Spain,Ayuntamiento de Alcorcón,Local government,https://datosabiertos.ayto-alcorcon.es/api/3,8,active
datosabiertos.ayto-arganda.es,Ayuntamiento de Arganda del Rey - Portal de Datos Abiertos,https://datosabiertos.ayto-arganda.es,ckan,Open data portal,local,ES,Spain,Ayuntamiento de Arganda del Rey,Local government,https://datosabiertos.ayto-arganda.es/api/3,1047,active
encinasreales-opendata.e-admin.es,Ayuntamiento de Encinas Reales - Datos Abiertos,https://encinasreales-opendata.e-admin.es/,ckan,Open data portal,local,ES,Spain,Ayuntamiento de Encinas Reales,Local government,https://encinasreales-opendata.e-admin.es/api/3,36,active
datosabiertos.ayto-fuenlabrada.es,Ayuntamiento de Fuenlabrada Open Data Portal,https://datosabiertos.ayto-fuenlabrada.es,ckan,Open data portal,federal,ES,Spain,Ayuntamiento de Fuenlabrada,Local government,https://datosabiertos.ayto-fuenlabrada.es/api/3,0,active
montoro-opendata.e-admin.es,Ayuntamiento de Montoro - Datos Abiertos,https://montoro-opendata.e-admin.es/,ckan,Open data portal,local,ES,Spain,Ayuntamiento de Montoro,Local government,https://montoro-opendata.e-admin.es/api/3,32,active
datosabiertos.rivasciudad.es,Ayuntamiento de Rivas Vaciamadrid - Portal de Datos Abiertos,https://datosabiertos.rivasciudad.es,ckan,Open data portal,local,ES,Spain,Ayuntamiento de Rivas Vaciamadrid,Local government,https://datosabiertos.rivasciudad.es/api/3,7,active
datosabiertos.sagunto.es,Ayuntamiento de Sagunto Open Data Portal,http://datosabiertos.sagunto.es,ckan,Open data portal,federal,ES,Spain,Ayuntamiento de Sagunto,Local government,,0,active
catalogo.villanuevadelaserena.es,Ayuntamiento de Villanueva de la Serena,http://catalogo.villanuevadelaserena.es,ckan,Open data portal,federal,ES,Spain,Ayuntamiento de Villanueva de la Serena,Local government,http://catalogo.villanuevadelaserena.es/api/3,47,active
b2find.eudat.eu,B2FIND,https://b2find.eudat.eu,ckan,Open data portal,federal,EU,European Union,EUDAT CDI,Central government,https://b2find.eudat.eu/api/3,1457676,active
opendata.b40cities.org,B40 Balkan Cities Network Open Data Portal,https://opendata.b40cities.org/,ckan,Open data portal,international,World,World,B40 Balkan Cities Network,Civil society,https://opendata.b40cities.org/api/3,645,active
ballaratopendata.org.au,Ballarat Open Data,https://ballaratopendata.org.au,ckan,Open data portal,state,AU,Australia,Ballarat Open Data,Community,https://ballaratopendata.org.au/api/3,476,active
opendata.bcb.gov.br,Banco Central do Brasil Open Data Portal,https://opendata.bcb.gov.br,ckan,Open data portal,federal,BR,Brazil,Banco Central do Brasil,Central government,https://opendata.bcb.gov.br/api/3,2860,active
data.bandaacehkota.go.id,Banda Aceh Open Data Portal,https://data.bandaacehkota.go.id,ckan,Open data portal,local,ID,Indonesia,Pemerintah Kota Banda Aceh,Local government,https://data.bandaacehkota.go.id/api/3,0,active
data.bandung.go.id,Bandung City Open Data,https://data.bandung.go.id,ckan,Open data portal,federal,ID,Indonesia,Pemerintah Kota Bandung,Local government,https://data.bandung.go.id/api/3,0,active
data.bangkok.go.th,Bangkok Government Open Data,https://data.bangkok.go.th,ckan,Open data portal,state,TH,Thailand,Bangkok Government,Regional government,https://data.bangkok.go.th/api/3,1309,active
data.mempawahkab.go.id,Bank Oneda Mempawah,https://data.mempawahkab.go.id,ckan,Open data portal,local,ID,Indonesia,Mempawah Regency,Local government,,0,active
data.bantulkab.go.id,Bantulkab Open Data Portal,https://data.bantulkab.go.id,ckan,Open data portal,local,ID,Indonesia,Pemerintah Kabupaten Bantul (Bantul Regency Government),Local government,https://data.bantulkab.go.id/api/3,0,active
data.barrowbc.gov.uk,Barrow-in-Furness Borough Council Data Catalog,https://data.barrowbc.gov.uk,ckan,Open data portal,local,GB,United Kingdom,Barrow Borough Council,Local government,https://data.barrowbc.gov.uk/api/3,0,active
basedosdados.org,Base dos Dados,https://basedosdados.org,ckan,Open data portal,federal,BR,Brazil,Instituto Base dos Dados,Business,http://basedosdados.org/api/3,0,active
dati.regione.basilicata.it,Basilicata Open Data catalog,http://dati.regione.basilicata.it/catalog,ckan,Open data portal,state,IT,Italy,Regione Basilicata,Regional government,http://dati.regione.basilicata.it/catalog/api/3,0,active
portaldata.batukota.go.id,Batu City Open Data,https://portaldata.batukota.go.id,ckan,Open data portal,federal,ID,Indonesia,Pemerintah Kota Batu,Local government,https://portaldata.batukota.go.id/api/3,0,active
data.batubarakab.go.id,Batubarakab Open Data Portal,https://data.batubarakab.go.id,ckan,Open data portal,local,ID,Indonesia,Batu Bara Regency Government,Local government,https://data.batubarakab.go.id/api/3,234,active
catalogue.data.gov.bc.ca,BC Data Catalogue,https://catalogue.data.gov.bc.ca,ckan,Open data portal,state,CA,Canada,Government of British Columbia,Regional government,,0,active
data.beatona.net,Beatona Map Catalogue,http://data.beatona.net,ckan,Open data portal,federal,KW,Kuwait,Kuwait Environment Public Authority (KEPA),Central government,http://data.beatona.net/api/3,0,active
data.biodiversity.be,Belgian biodiversity data portal,https://data.biodiversity.be,ckan,Open data portal,federal,BE,Belgium,The Belgian Biodiversity Platform,Academy,https://data.biodiversity.be/api/3,549,active
dados.pbh.gov.br,Belo Horizonte City Hall Open Data Portal,https://dados.pbh.gov.br,ckan,Open data portal,local,BR,Brazil,Belo Horizonte City Hall,Local government,https://dados.pbh.gov.br/api/3,569,active
dadosabertos.cascais.pt,Bem-vindo - CascaisData - Câmara Municipal de Cascais,https://dadosabertos.cascais.pt,ckan,Open data portal,local,PT,Portugal,Cascais City Council,Local government,https://dadosabertos.cascais.pt/api/3,0,active
opendata.conselldeivissa.es,Benvinguts - Consell Insular d'Eivissa - Portal de Datos Abiertos,https://opendata.conselldeivissa.es,ckan,Open data portal,federal,ES,Spain,Consell Insular d'Eivissa,Local government,https://opendata.conselldeivissa.es/api/3,0,active
datenregister.berlin.de,Berlin Government Open Data Portal,https://datenregister.berlin.de,ckan,Open data portal,local,DE,Germany,Berlin Government,Local government,,0,active
bernco.civicdashboards.com,Bernalillo County Open Data Sandbox,https://bernco.civicdashboards.com,ckan,Open data portal,local,US,United States,Bernalillo County,Local government,,0,active
betsentiment.com,Betsentiment Open Data Portal,https://betsentiment.com,ckan,Open data portal,international,World,World,Betsentiment,Business,,0,active
datacatalog.bde.go.th,"Big Data Institute (Public Organization), Thailand Open Data Portal",https://datacatalog.bde.go.th,ckan,Open data portal,federal,TH,Thailand,"Big Data Institute (Public Organization), Thailand",Central government,https://datacatalog.bde.go.th/api/3,52,active
cityobservatory.birmingham.gov.uk,Birmingham City Observatory,https://www.cityobservatory.birmingham.gov.uk,ckan,Open data portal,local,GB,United Kingdom,Birmingham City,Local government,https://birmingham-city-observatory.datopian.com/api/3,0,active
birmingham-city-observatory.datopian.com,Birmingham City Observatory - Open Data Portal,https://birmingham-city-observatory.datopian.com,ckan,Open data portal,federal,GB,United Kingdom,Birmingham City Council,Local government,https://birmingham-city-observatory.datopian.com/api/3,0,active
opendata.blitarkab.go.id,Blitar Regency Open Data,https://opendata.blitarkab.go.id,ckan,Open data portal,federal,ID,Indonesia,Local Government of Blitarkab,Local government,https://opendata.blitarkab.go.id/api/3,1682,active
data.bnpb.go.id,BNPB Data Catalog,https://data.bnpb.go.id,ckan,Open data portal,federal,ID,Indonesia,"National Agency for Disaster Management (Badan Nasional Penanggulangan Bencana, BNPB)",Central government,https://data.bnpb.go.id/api/3,2821,active
data.bodik.jp,BODIK ODCS,https://data.bodik.jp,ckan,Open data portal,federal,JP,Japan,Big Data & Open Data Initiative Kyushu,Business,https://data.bodik.jp/api/3,17195,active
odh.bodik.jp,BODIK Open Data Hub,https://odh.bodik.jp,ckan,Open data portal,federal,JP,Japan,Big Data & Open Data Initiative Kyushu,Business,https://odh.bodik.jp/api/3,0,active
data.brisbane.qld.gov.au,Brisbane City Council Open Data,https://data.brisbane.qld.gov.au,ckan,Open data portal,local,AU,Australia,Brisbane City Council,Local government,https://data.brisbane.qld.gov.au/data/api/3,0,active
data.civicinfo.ca,British Columbia Local Government Open Data Catalogue,https://data.civicinfo.ca/,ckan,Open data portal,,CA,,,,https://data.civicinfo.ca/api/3,0,
bsos-data.umd.edu,BSOS Data Repository,https://bsos-data.umd.edu,ckan,Open data portal,state,US,United States,University of Maryland College of Behavioral and Social Sciences,Academy,,0,active
data.buenosaires.gob.ar,Buenos Aires Data,https://data.buenosaires.gob.ar,ckan,Open data portal,local,AR,Argentina,City of Buenos Aires,Local government,https://data.buenosaires.gob.ar/api/3,448,active
acikyesil.bursa.bel.tr,Bursa Metropolitan Municipality's Open Data Portal,https://acikyesil.bursa.bel.tr,ckan,Open data portal,state,TR,Turkey,Bursa Metropolitan Municipality,Regional government,https://acikyesil.bursa.bel.tr/api/3,49,active
datahub.bvcentre.ca,BVRC DataHub,https://datahub.bvcentre.ca,ckan,Open data portal,state,CA,Canada,Bulkley Valley Research Centre,Academy,https://datahub.bvcentre.ca/api/3,118,active
ckan.cabi.org,CABI Data Repository,https://ckan.cabi.org,ckan,Open data portal,federal,World,World,CABI,International,,0,active
data.caf.fr,Cafdata,https://data.caf.fr,ckan,Open data portal,state,FR,France,Caisse Nationale des Allocations Familiales,Central government,,0,active
dataworks.calderdale.gov.uk,Calderdale Data Works,https://dataworks.calderdale.gov.uk,ckan,Open data portal,local,GB,United Kingdom,Calderdale Council,Local government,,0,active
data.chhs.ca.gov,California Health and Human Services Open Data Portal,https://data.chhs.ca.gov,ckan,Open data portal,state,US,United States,California Health and Human Services,Regional government,https://data.chhs.ca.gov/api/3,472,active
data.cnra.ca.gov,California Natural Resources Agency Open Data,https://data.cnra.ca.gov,ckan,Open data portal,state,US,United States,California Natural Resources Agency,Regional government,https://data.cnra.ca.gov/api/3,21005,active
data.ca.gov,California Open Data Portal,https://data.ca.gov,ckan,Open data portal,state,US,United States,State of California,Regional government,https://data.ca.gov/api/3,4362,active
opendata.calstate.edu,California State University Open Data Portal,http://opendata.calstate.edu,ckan,Open data portal,state,US,United States,California State University,Academy,http://opendata.calstate.edu/api/3,0,active
dados.cm-lisboa.pt,Câmara Municipal de Lisboa Open Data Portal,https://dados.cm-lisboa.pt,ckan,Open data portal,state,PT,Portugal,Câmara Municipal de Lisboa,Regional government,https://dados.cm-lisboa.pt/api/3,400,active
data.asc-csa.gc.ca,Canadian Space Agency Open Data Portal,https://data.asc-csa.gc.ca,ckan,Open data portal,federal,CA,Canada,Canadian Space Agency,Central government,https://data.asc-csa.gc.ca/api/3,0,active
data.urbandatacentre.ca,Canadian Urban Data Catalogue (CUDC),https://data.urbandatacentre.ca/,ckan,Open data portal,federal,CA,Canada,Urban Data Centre,Academy,,0,active
betadata.urbandatacentre.ca,Canadian Urban Data Catalogue (CUDC),https://betadata.urbandatacentre.ca/,ckan,Open data portal,federal,CA,Canada,Urban Data Centre,Academy,,0,active
canwin-datahub.ad.umanitoba.ca,Canadian Watershed Information Network,https://canwin-datahub.ad.umanitoba.ca/data,ckan,Open data portal,state,CA,Canada,"University of Manitoba, Centre for Earth Observation Science",Academy,https://canwin-datahub.ad.umanitoba.ca/data/api/3,47435,active
acikveri.canakkale.bel.tr,Canakkale Municipality Open Data Platform,https://acikveri.canakkale.bel.tr,ckan,Open data portal,local,TR,Turkey,Canakkale Municipality,Local government,https://acikveri.canakkale.bel.tr/api/3,104,active
haleandhearty.staging.derilinx.com,Cannot extract information. No data available from the provided URL.,https://haleandhearty.staging.derilinx.com,ckan,Open data portal,federal,BR,Brazil,Derilinx,Academy,https://haleandhearty.staging.derilinx.com/api/3,0,active
data.capitol.texas.gov,Capitol Data Portal,https://data.capitol.texas.gov,ckan,Open data portal,state,US,United States,Texas Legislative Council,Regional government,https://data.capitol.texas.gov/api/3,907,active
capsella.madgik.di.uoa.gr,CAPSELLA,http://capsella.madgik.di.uoa.gr/,ckan,Open data portal,federal,GR,Greece,CAPSELLA Consortium,Academy,http://capsella.madgik.di.uoa.gr/api/3,0,active
datosabiertos.carchi.gob.ec,Carchi Datos Abiertos,https://datosabiertos.carchi.gob.ec,ckan,Open data portal,state,EC,Ecuador,Gobierno de la Provincia del Carchi,Regional government,https://datosabiertos.carchi.gob.ec/api/3,1361,active
opencaribbean.org,Caribbean Open Institute Open Data Portal,http://opencaribbean.org,ckan,Open data portal,federal,Caribbean,Caribbean,Caribbean Open Institute,Civil society,http://opencaribbean.org/api/3,0,active
portal.crfm.int,Caribbean Regional Fisheries Mechanism portal,https://portal.crfm.int,ckan,Open data portal,federal,Caribbean,Caribbean,Caribbean Regional Fisheries Mechanism.,Civil society,https://portal.crfm.int/api/3,161,active
oneclick.cartodb.com,CARTO Spatial Data Catalog,https://oneclick.cartodb.com,ckan,Open data portal,federal,US,United States,Carto,Business,,0,active
catalogo.datos.gba.gob.ar,Catalog requirements schema,https://catalogo.datos.gba.gob.ar,ckan,Open data portal,state,AR,Argentina,Buenos Aires Province,Regional government,,0,active
dati.regione.sardegna.it,Catalogo dati - Regione Autonoma della Sardegna,http://dati.regione.sardegna.it,ckan,Open data portal,state,IT,Italy,Regione Autonoma della Sardegna,Regional government,http://dati.regione.sardegna.it/api/3,0,active
catalogodedados.serpro.gov.br,Catálogo de Dados - SERPRO,https://catalogodedados.serpro.gov.br,ckan,Open data portal,federal,BR,Brazil,SERPRO - Serviço Federal de Processamento de Dados,Central government,https://catalogodedados.serpro.gov.br/api/3,2,active
datos.santander.es,Catálogo de Datos - Datos Abiertos Santander,https://datos.santander.es,ckan,Open data portal,local,ES,Spain,Santander,Local government,http://apicatalogo.santander.es/api/3,61,active
datos.aytolalaguna.es,Catálogo de datos abiertos - Sede Electrónica del Ayuntamiento de La Laguna,https://datos.aytolalaguna.es,ckan,Open data portal,local,ES,Spain,Ayntamiento San Cristóbal de La Laguna,Local government,https://datos.aytolalaguna.es/api/3,0,active
leganes.org,Catálogo de datos abiertos Ayuntamiento de Leganés,https://www.leganes.org/web/datos-abiertos,ckan,Open data portal,local,ES,Spain,Catálogo de datos abiertos Ayuntamiento de Leganés,Local government,,0,active
catalogodatos.gub.uy,Catálogo de Datos Abiertos de la República Oriental del Uruguay,https://catalogodatos.gub.uy,ckan,Open data portal,federal,UY,Uruguay,República Oriental del Uruguay,Central government,https://catalogodatos.gub.uy/api/3,2658,active
catalogo.datosabiertos.gob.ec,Catálogo de Datos Abiertos Ecuador,https://catalogo.datosabiertos.gob.ec,ckan,Open data portal,federal,EC,Ecuador,Gobierno del Ecuador,Central government,https://catalogo.datosabiertos.gob.ec/api/3,0,active
gobiernoabierto.quito.gob.ec,Catálogo de Datos Abiertos Municipio de Quito,https://gobiernoabierto.quito.gob.ec/catalogo-datos-abiertos/,ckan,Open data portal,local,EC,Ecuador,Municipio de Quito,Local government,,0,active
catalogo.smartcostadelsol.es,Catalogo Smartcostadelsol Es Open Data Portal,https://catalogo.smartcostadelsol.es,ckan,Open data portal,federal,ES,Spain,Smartcostadelsol,Local government,https://catalogo.smartcostadelsol.es/api/3,0,active
catalogue.slgo.ca,Catalogue de données OGSL,https://catalogue.slgo.ca,ckan,Open data portal,state,CA,Canada,The St. Lawrence Global Observatory,Regional government,https://catalogue.slgo.ca/api/3,0,active
data.ccca.ac.at,CCCA Data Server,https://data.ccca.ac.at,ckan,Open data portal,federal,AT,Austria,The Climate Change Centre Austria – CCCA,Academy,https://data.ccca.ac.at/api/3,0,active
datahub.digicirc.eu,CE data hub,https://datahub.digicirc.eu,ckan,Open data portal,federal,EU,European Union,DigiCirc,International,https://datahub.digicirc.eu/api/3,281,active
opendata.centralbank.ie,Central Bank of Ireland Open Data Portal,https://opendata.centralbank.ie,ckan,Open data portal,federal,IE,Ireland,Central Bank of Ireland,Central government,https://opendata.centralbank.ie/api/3,0,active
valleyhousingrepository.library.fresnostate.edu,Central Valley Housing Data Repository,http://valleyhousingrepository.library.fresnostate.edu,ckan,Open data portal,state,US,United States,"California State University, Fresno (Fresno State) Library",Academy,http://valleyhousingrepository.library.fresnostate.edu/api/3,34,active
data2.cerdi.edu.au,Centre for eResearch and Digital Innovation (CeRDI) Data Catalog,https://data2.cerdi.edu.au,ckan,Open data portal,federal,AU,Australia,Centre for eResearch and Digital Innovation,Academy,https://data2.cerdi.edu.au/api/3,937,active
datos.cicy.mx,Centro de Investigación Científica de Yucatán (CICY) Open Data Portal,https://datos.cicy.mx,ckan,Open data portal,state,MX,Mexico,Centro de Investigación Científica de Yucatán (CICY),Academy,,0,active
opendata.cui.wroclaw.pl,"Centrum Usług Informatycznych we Wrocławiu, Gmina Wrocław Open Data Portal",https://opendata.cui.wroclaw.pl,ckan,Open data portal,local,PL,Poland,"Centrum Usług Informatycznych we Wrocławiu, Gmina Wrocław",Local government,https://opendata.cui.wroclaw.pl/api/3,68,active
opendata.imet.gr,CERTH-HIT OpenData Hub Greece,https://opendata.imet.gr,ckan,Open data portal,state,GR,Greece,CERTH-HIT,Academy,https://opendata.imet.gr/api/3,0,active
data.cese.nsw.gov.au,CESE NSW Open data,https://data.cese.nsw.gov.au,ckan,Open data portal,state,AU,Australia,"Centre for Education Statistics and Evaluation, NSW Government",Regional government,,0,active
archive-cete.tiss.edu,CETE TISS Research Archive,https://archive-cete.tiss.edu,ckan,Open data portal,federal,IN,India,Tata Institute of Social Sciences,Academy,https://archive-cete.tiss.edu/api/3,150,active
data.ccrpc.org,Champaign County Regional Planning Commission Data Portal,https://data.ccrpc.org,ckan,Open data portal,local,US,United States,Champaign County Regional Planning Commission.,Local government,https://data.ccrpc.org/api/3,348,active
datos.chantwin.iuii.ua.es,ChanTwin - Portal de datos del proyecto ChanTwin,https://datos.chantwin.iuii.ua.es/,ckan,Open data portal,state,ES,Spain,Universidad de Alicante,Academy,https://datos.chantwin.iuii.ua.es/api/3,6,active
datahub.cmap.illinois.gov,Chicago Metropolitan Agency for Planning (CMAP) Data Catalog,https://datahub.cmap.illinois.gov,ckan,Open data portal,state,US,United States,Chicago Metropolitan Agency for Planning,Regional government,,0,active
chorizo.marinespeed.org,Chorizo Project - Food Loss and Waste datahub,https://chorizo.marinespeed.org/,ckan,Open data portal,federal,EU,European Union,Chorizo Project / MarineSpeed,Academy,https://chorizo.marinespeed.org/api/3,37,active
dataportal.cps.chula.ac.th,Chulalongkorn University Data Portal,https://dataportal.cps.chula.ac.th,ckan,Open data portal,federal,TH,Thailand,Chulalongkorn University,Academy,,0,active
opendata.cifs.go.th,CIFS Data Catalog,https://opendata.cifs.go.th/,ckan,Open data portal,federal,TH,Thailand,"Central Institute of Forensic Science, Thailand",Central government,https://opendata.cifs.go.th/api/3,91,active
dados.ciga.sc.gov.br,CIGA Dados,https://dados.ciga.sc.gov.br,ckan,Open data portal,local,BR,Brazil,Consórcio de Informática na Gestão Pública Municipal - CIGA,Local government,https://dados.ciga.sc.gov.br/api/3,561,active
dados.face.ufg.br,CIGETS - Dados Públicos,https://dados.face.ufg.br,ckan,Open data portal,state,BR,Brazil,Universidade Federal de Goiás (CIGETS/UFG),Academy,https://dados.face.ufg.br/api/3,67,active
catalogue.dev.cioosatlantic.ca,CIOOS Data Catalogue,https://catalogue.dev.cioosatlantic.ca,ckan,Open data portal,federal,CA,Canada,CIOOS Atlantic,Academy,https://catalogue.dev.cioosatlantic.ca/api/3,246,active
catalogue.cioospacific.ca,CIOOS Pacific Data Catalogue,https://catalogue.cioospacific.ca,ckan,Open data portal,federal,CA,Canada,Canadian Integrated Ocean Observing System (CIOOS),Civil society,https://catalogue.cioospacific.ca/api/3,1867,active
catalogue.cioos.ca,CIOOS/SIOOC Data catalogue,https://catalogue.cioos.ca,ckan,Open data portal,federal,CA,Canada,The Canadian Integrated Ocean Observing System (CIOOS),Academy,https://catalogue.cioos.ca/api/3,3299,active
citydata.ada.unsw.edu.au,City Data,https://citydata.ada.unsw.edu.au/,ckan,Open data portal,federal,AU,Australia,"City Futures Research Centre, UNSW Sydney",Academy,https://citydata.ada.unsw.edu.au/api/3,62,active
data.birminghamal.gov,City of Birmingham Open Data,https://data.birminghamal.gov,ckan,Open data portal,local,US,United States,City of Birmingham,Local government,http://data.birminghamal.gov/api/3,116,active
opendata.caceres.es,City of Cáceres Open Data Portal,http://opendata.caceres.es,ckan,Open data portal,federal,ES,Spain,City of Cáceres,Local government,,0,active
data.cityofdenton.com,City of Denton Open Data,https://data.cityofdenton.com,ckan,Open data portal,local,US,United States,City of Denton,Local government,https://data.cityofdenton.com/api/3,32,active
open.jacksonms.gov,City of Jackson Open Data,https://open.jacksonms.gov,ckan,Open data portal,local,US,United States,City of Jackson,Local government,https://open.jacksonms.gov/api/3,33,active
data.milwaukee.gov,City of Milwaukee Open Data Portal,https://data.milwaukee.gov,ckan,Open data portal,local,US,United States,City of Milwaukee,Local government,https://data.milwaukee.gov/api/3,186,active
data.city.osaka.lg.jp,City of Osaka Open Data Portal,https://data.city.osaka.lg.jp,ckan,Open data portal,local,JP,Japan,City of Osaka,Local government,https://data.city.osaka.lg.jp/data/api/3,0,active
phoenixopendata.com,City of Phoenix Open Data,https://phoenixopendata.com,ckan,Open data portal,local,US,United States,City of Phoenix,Local government,https://phoenixopendata.com/api/3,143,active
data.pompanobeachfl.gov,City of Pompano Beach Open Data Portal,https://data.pompanobeachfl.gov,ckan,Open data portal,local,US,United States,City of Pompano Beach,Local government,https://data.pompanobeachfl.gov/api/3,275,active
data.sanantonio.gov,City of San Antonio Open Data,https://data.sanantonio.gov,ckan,Open data portal,local,US,United States,City of San Antonio,Local government,http://data.sanantonio.gov/api/3,162,active
opendata.tampa.gov,City of Tampa FL Open Data,https://opendata.tampa.gov,ckan,Open data portal,local,US,United States,City of Tampa,Local government,https://opendata.tampa.gov/api/3,27,active
data.primariatm.ro,City of Timisoara open data portal,https://data.primariatm.ro,ckan,Open data portal,local,RO,Romania,City of Timisoara,Local government,https://data.primariatm.ro/api/3,31,active
open.toronto.ca,City of Toronto Open Data Portal,https://open.toronto.ca,ckan,Open data portal,local,CA,Canada,City of Toronto,Local government,https://ckan0.cf.opendata.inter.prod-toronto.ca/api/3,535,active
ciudatos-bolivia.org,Ciudatos Bolivia Open Data Portal,https://ciudatos-bolivia.org/,ckan,Open data portal,federal,BO,Bolivia,Ciudatos Bolivia,Civil society,,0,active
civicdata.io,CivicData/Accela Open Data Portal,https://www.civicdata.io,ckan,Open data portal,federal,US,United States,CivicData/Accela,Business,https://www.civicdata.io/api/3,0,active
civicdata.com,CivicData/Accela Open Data Portal,https://civicdata.com,ckan,Open data portal,federal,US,United States,CivicData/Accela,Business,https://civicdata.com/api/3,422,active
ckan.jombangkab.go.id,CKAN - Kabupaten Jombang,https://ckan.jombangkab.go.id,ckan,Open data portal,state,ID,Indonesia,Jombang Regency,Regional government,https://ckan.jombangkab.go.id/api/3,375,active
ckan.reggiocal.it,CKAN - Opendata Reggio Calabria,https://ckan.reggiocal.it,ckan,Open data portal,local,IT,Italy,Comune di Reggio Calabria,Local government,https://ckan.reggiocal.it/api/3,0,active
ckan.fdm.uni-greifswald.de,CKAN - Research Data Management,https://ckan.fdm.uni-greifswald.de,ckan,Open data portal,federal,DE,Germany,University of Greifswald,Academy,https://ckan.fdm.uni-greifswald.de/api/3,34,active
erapor.durman.uddevil.org,CKAN Bangka Barat,http://erapor.durman.uddevil.org,ckan,Open data portal,local,ID,Indonesia,Pemerintah Daerah Kabupaten Bangka Barat,Local government,http://erapor.durman.uddevil.org/api/3,206,active
ckan-campuslivinglab.inf.um.es,CKAN Campus Living Lab - Universidad de Murcia,https://ckan-campuslivinglab.inf.um.es/,ckan,Open data portal,state,ES,Spain,Universidad de Murcia,Academy,,0,active
ckan.corila.it,CKAN Corila Data Catalog,http://ckan.corila.it/,ckan,Open data portal,state,IT,Italy,CORILA,Business,http://ckan.corila.it/api/3,19,active
ckan.iotlab.eu,CKAN Data Catalog,https://ckan.iotlab.eu/,ckan,Open data portal,federal,EU,European Union,Not available from the website homepage or direct inspection,Academy,https://ckan.iotlab.eu/api/3,0,active
ckan.futr-hub.de,CKAN Futr-Hub Data Catalog,https://ckan.futr-hub.de,ckan,Open data portal,state,DE,Germany,Ihr FUTR HUB Team,Business,https://ckan.futr-hub.de/api/3,5,active
ckan.getmap.gr,CKAN GET,https://ckan.getmap.gr,ckan,Open data portal,federal,GR,Greece,Geospatial Enabling Technologies (GET),Private sector,https://ckan.getmap.gr/api/3,0,active
ckan.project-hobbit.eu,CKAN Hobbit Project,https://ckan.project-hobbit.eu/,ckan,Open data portal,federal,EU,European Union,HOBBIT Project,Academy,https://ckan.project-hobbit.eu/api/3,0,active
alienfivejulyfile.doe.go.th,CKAN Institute of Neurology (Thai-GDC),http://alienfivejulyfile.doe.go.th,ckan,Open data portal,federal,TH,Thailand,Institute of Neurology (สถาบันประสาทวิทยา),Central government,,0,active
ckan.mobidatalab.eu,CKAN MobiDataLab,https://ckan.mobidatalab.eu/,ckan,Open data portal,federal,EU,European Union,MobiDataLab,Academy,https://ckan.mobidatalab.eu/api/3,0,active
ckan.multimediagdansk.pl,CKAN Multimedia Gdansk,https://ckan.multimediagdansk.pl,ckan,Open data portal,state,PL,Poland,Gdańskie Centrum Multimedialne Spółka,Business,https://ckan.multimediagdansk.pl/api/3,60,active
ckan.salted-project.eu,CKAN SALTED,https://ckan.salted-project.eu,ckan,Open data portal,federal,EU,European Union,SALTED Project,Academy,https://ckan.salted-project.eu/api/3,29,active
ckan.next.udh-pb.de,CKAN Stadt Paderborn,https://ckan.next.udh-pb.de,ckan,Open data portal,local,DE,Germany,Stadt Paderborn,Local government,,0,active
ckan.urbanstack.de,CKAN UrbanStack,https://ckan.urbanstack.de,ckan,Open data portal,local,DE,Germany,Gütersloh Digital,Local government,https://ckan.urbanstack.de/api/3,22,active
ckan-d4s.d4science.org,CKAN-D4S D4Science Catalogue,https://ckan-d4s.d4science.org,ckan,Open data portal,federal,World,World,D4Science,Business,https://ckan-d4s.d4science.org/api/3,245005,active
mediasuitedata.clariah.nl,CLARIAH Media Suite Data Catalog,https://mediasuitedata.clariah.nl,ckan,Open data portal,federal,NL,Netherlands,CLARIAH,Academy,https://mediasuitedata.clariah.nl/api/3,94,active
portal.qdio.ac.cn,Cloud platform in the field of marine science,http://portal.qdio.ac.cn,ckan,Open data portal,federal,CN,China,"Ocean Big Data Center, Institute of Oceanography, Chinese Academy of Sciences",Academy,http://portal.qdio.ac.cn/api/3,0,active
dadosabertos.cnpq.br,CNPq Dados Abertos,https://dadosabertos.cnpq.br,ckan,Open data portal,federal,BR,Brazil,CNPq,Academy,https://dadosabertos.cnpq.br/api/3,0,active
catalog.ibe.cnr.it,CNR-IBE Data Catalogue (SLAPIS SAHEL),https://catalog.ibe.cnr.it/,ckan,Open data portal,federal,IT,Italy,CNR - Institute of Biometeorology,Academy,,0,active
data.coat.no,COAT Data Portal,https://data.coat.no,ckan,Open data portal,federal,NO,Norway,Climate-ecological Observatory for Arctic Tundra (COAT),Academy,https://data.coat.no/api/3,112,active
ckan.cfhn.it,Code for Heilbronn - CKAN,https://ckan.cfhn.it,ckan,Open data portal,state,DE,Germany,Code for Heilbronn e.V.,Civil society,https://ckan.cfhn.it/api/3,5,active
data.coeurcotefleurie.org,Cœur Côte Fleurie,http://data.coeurcotefleurie.org,ckan,Open data portal,local,FR,France,Cœur Côte Fleurie,Local government,,0,active
opendata67.alsace.eu,Collectivité européenne d'Alsace Open Data Portal,https://opendata67.alsace.eu,ckan,Open data portal,federal,FR,France,Collectivité européenne d'Alsace,Regional government,https://opendata67.alsace.eu/api/3,0,active
data.cbwaterhub.ca,Columbia Basin Water Hub Data Catalog,https://data.cbwaterhub.ca,ckan,Open data portal,state,CA,Canada,Columbia Basin Water Hub,Regional government,https://data.cbwaterhub.ca/api/3,448,active
gdcatalog.codi.or.th,Community Organization Development Institute open data``,https://gdcatalog.codi.or.th,ckan,Open data portal,federal,TH,Thailand,Community Organization Development Institute (Thailand),Central government,https://gdcatalog.codi.or.th/api/3,21,active
opendatacrispiano.digimat.it,Comune di Crispiano Portale dati aperti,http://opendatacrispiano.digimat.it,ckan,Open data portal,local,IT,Italy,Comune di Crispiano,Local government,http://opendatacrispiano.digimat.it/api/3,42,active
dati.comune.fe.it,Comune di Ferrara Open Data Portal,https://dati.comune.fe.it,ckan,Open data portal,local,IT,Italy,Comune di Ferrara,Local government,https://dati.comune.fe.it/api/3,266,active
dati.comune.galatone.le.it,Comune di Galatone data catalog,https://dati.comune.galatone.le.it,ckan,Open data portal,federal,IT,Italy,Comune di Galatone,Local government,,0,active
dati.comune.rimini.it,Comune di Rimini Open Data Portal,https://dati.comune.rimini.it,ckan,Open data portal,local,IT,Italy,Comune di Rimini,Local government,https://dati.comune.rimini.it/api/3,72,active
dati.comune.terlizzi.ba.it,Comune di Terlizzi Open Data Portal,https://dati.comune.terlizzi.ba.it,ckan,Open data portal,federal,IT,Italy,Comune di Terlizzi,Local government,https://dati.comune.terlizzi.ba.it/api/3,0,active
dataportal.comune.torino.it,Comune di Torino Data Catalog,https://dataportal.comune.torino.it,ckan,Open data portal,federal,IT,Italy,Comune di Torino,Local government,https://dataportal.comune.torino.it/api/3,0,active
datos.concejorosario.gov.ar,Concejo Rosario Datos,http://datos.concejorosario.gov.ar,ckan,Open data portal,local,AR,Argentina,Concejo Municipal de Rosario,Local government,http://datos.concejorosario.gov.ar/api/3,339,active
dulieumo.org,Cổng dữ liệu mở Việt Nam (data.gov.vn),https://dulieumo.org,ckan,Open data portal,federal,VN,Vietnam,Không xác định rõ từ URL gốc,Central government,,0,active
datos.conred.gob.gt,Conjunto de datos - CONRED,http://datos.conred.gob.gt,ckan,Open data portal,federal,GT,Guatemala,Secretaría Ejecutiva de la Coordinadora Nacional para la Reducción de Desastres (SE-CONRED),Central government,http://datos.conred.gob.gt/api/3,0,active
data.ctdata.org,Connecticut Data Collaborative,http://data.ctdata.org,ckan,Open data portal,state,US,United States,"Inform CT, Inc. dba CTData Collaborative",Civil society,http://data.ctdata.org/api/3,226,active
dadesobertes.conselldeivissa.es,Consell Insular d'Eivissa - Portal de Datos Abiertos,https://dadesobertes.conselldeivissa.es,ckan,Open data portal,federal,ES,Spain,Consell Insular d'Eivissa,Local government,https://dadesobertes.conselldeivissa.es/api/3,0,active
dati.consip.it,Consip Opendata,https://dati.consip.it,ckan,Open data portal,federal,IT,Italy,CONSIP (Italy),Central government,https://dati.consip.it/api/3,17,active
dadesobertes.seu-e.cat,Consorci Administració Oberta de Catalunya Dades obertes,http://dadesobertes.seu-e.cat,ckan,Open data portal,state,ES,Spain,Consorci Administració Oberta de Catalunya,Regional government,http://dadesobertes.seu-e.cat/api/3,886,active
contagionhotspots.org,Contagion Hotspots,https://contagionhotspots.org,ckan,Open data portal,federal,World,World,Worldbank,International,https://contagionhotspots.org/api/3,0,active
cadckan.cad.go.th,Cooperative Auditing Department Data catalog,https://cadckan.cad.go.th,ckan,Open data portal,federal,TH,Thailand,Cooperative Auditing Department (Thailand),Central government,https://cadckan.cad.go.th/api/3,0,active
data.kk.dk,Copenhagen Data,https://data.kk.dk,ckan,Open data portal,state,DK,Denmark,City of Copenhagen,Regional government,http://data.kk.dk/api/3,0,active
dadesobertes.cornella.cat,Cornellà de Llobregat Open Data Portal,http://dadesobertes.cornella.cat/,ckan,Open data portal,local,ES,Spain,Ajuntament de Cornellà de Llobregat,Local government,http://dadesobertes.cornella.cat/api/3,0,active
corona-open-data.ckan.de,Corona-Open Data,https://corona-open-data.ckan.de,ckan,Open data portal,federal,DE,Germany,Ondics GmbH,Business,https://corona-open-data.ckan.de/api/3,87,active
opendata.cea.or.th,Creative Economy Agency Open Data Catalog,https://opendata.cea.or.th,ckan,Open data portal,federal,TH,Thailand,"Creative Economy Agency (Public Organization), Thailand",Central government,https://opendata.cea.or.th/api/3,0,active
data.gov.hr,Croatia Open Data Portal,https://data.gov.hr,ckan,Open data portal,federal,HR,Croatia,Government of the Republic of Croatia,Central government,,0,active
cryptodata.center,CryptoDATA - Global Technology Integrator,https://cryptodata.center,ckan,Open data portal,federal,AM,Armenia,Open Data Armenia,Civil society,https://cryptodata.center/api/3,4201,active
cuencaendatos.cuenca.gob.ec,Cuenca Datos,https://cuencaendatos.cuenca.gob.ec/,ckan,Open data portal,local,EC,Ecuador,Municipality of Cuenca,Local government,https://cuencaendatos.cuenca.gob.ec/api/3,90,active
catalog.customs.go.th,Customs Information Center,https://catalog.customs.go.th,ckan,Open data portal,federal,TH,Thailand,Customs Department (Thailand),Central government,https://catalog.customs.go.th/api/3,22,active
cybercommons-data.hpc.okstate.edu,Cybercommons Data Repository,http://cybercommons-data.hpc.okstate.edu,ckan,Open data portal,state,US,United States,University of Oklahoma,Academy,http://cybercommons-data.hpc.okstate.edu/api/3,0,active
seu-e.cat,Dades Obertes Ajuntament de Sant Quirze del Vallès Open Data Portal,https://seu-e.cat,ckan,Open data portal,local,ES,Spain,Dades Obertes Ajuntament de Sant Quirze del Vallès,Local government,https://seu-e.cat/api/3,0,active
dadesobertes.gva.es,Dades Obertes de la Generalitat Valenciana,https://dadesobertes.gva.es/es/dataset,ckan,Open data portal,state,ES,Spain,Dades Obertes de la Generalitat Valenciana,Regional government,https://dadesobertes.gva.es/api/3,0,active
dadosabertos.aneel.gov.br,Dados Abertos - Agência Nacional de Energia Elétrica (ANEEL),https://dadosabertos.aneel.gov.br,ckan,Open data portal,federal,BR,Brazil,Agência Nacional de Energia Elétrica (ANEEL),Central government,,0,active
opendata.azores.gov.pt,Dados Abertos - Governo dos Açores,https://opendata.azores.gov.pt,ckan,Open data portal,state,PT,Portugal,Governo dos Açores,Regional government,https://opendata.azores.gov.pt/api/3,0,active
dadosabertos.poa.br,Dados Abertos - POA,https://dadosabertos.poa.br,ckan,Open data portal,state,BR,Brazil,Prefeitura Municipal de Porto Alegre,Regional government,,0,active
dadosabertos.tce.bridgeinformatica.com.br,Dados abertos - TCE/MT,https://dadosabertos.tce.bridgeinformatica.com.br,ckan,Open data portal,state,BR,Brazil,Tribunal de Contas do Estado de Mato Grosso (TCE-MT),Regional government,https://dadosabertos.tce.bridgeinformatica.com.br/api/3,0,active
dadosabertos.ufam.edu.br,Dados Abertos - UFAM,https://dadosabertos.ufam.edu.br,ckan,Open data portal,federal,BR,Brazil,Universidade Federal do Amazonas (UFAM),Academy,https://dadosabertos.ufam.edu.br/api/3,0,active
dadosabertos.ufpb.br,Dados Abertos - UFPB,https://dadosabertos.ufpb.br,ckan,Open data portal,state,BR,Brazil,Universidade Federal da Paraíba (UFPB),Academy,https://dadosabertos.ufpb.br/api/3,21,active
dados.ufpi.br,Dados Abertos - UFPI,https://dados.ufpi.br,ckan,Open data portal,federal,BR,Brazil,UFPI,Academy,https://dados.ufpi.br/api/3,29,active
dados.ufrgs.br,DADOS ABERTOS - UFRGS,https://dados.ufrgs.br,ckan,Open data portal,federal,BR,Brazil,Universidade Federal do Rio Grande do Sul,Academy,,0,active
dados.ufscar.br,Dados Abertos - UFSCar,https://dados.ufscar.br,ckan,Open data portal,federal,BR,Brazil,Universidade Federal de São Carlos (UFSCar),Academy,https://dados.ufscar.br/api/3,9,active
dados.ufca.edu.br,Dados Abertos › UFCA,https://dados.ufca.edu.br,ckan,Open data portal,federal,BR,Brazil,UFCA,Academy,,0,active
dadosabertos.ifc.edu.br,Dados Abertos | IFC,https://dadosabertos.ifc.edu.br,ckan,Open data portal,federal,BR,Brazil,IFC,Academy,https://dadosabertos.ifc.edu.br/api/3,51,active
dados.ifro.edu.br,Dados Abertos | IFRO,https://dados.ifro.edu.br,ckan,Open data portal,federal,BR,Brazil,Dados Abertos | IFRO,Academy,https://dados.ifro.edu.br/api/3,0,active
dadosabertos.ba.gov.br,Dados Abertos BA - Bahia,https://dadosabertos.ba.gov.br,ckan,Open data portal,state,BR,Brazil,Governo do Estado da Bahia,Regional government,https://dadosabertos.ba.gov.br/api/3,0,active
dadosabertos.capes.gov.br,Dados Abertos Capes,https://dadosabertos.capes.gov.br,ckan,Open data portal,federal,BR,Brazil,Coordination for the Improvement of Higher Education Personnel (CAPES),Central government,https://dadosabertos.capes.gov.br/api/3,92,active
dados.ufg.br,Dados Abertos da UFG,https://dados.ufg.br,ckan,Open data portal,state,BR,Brazil,Universidade Federal de Goiás (UFG),Academy,https://dados.ufg.br/api/3,34,active
dadosabertos.ufms.br,Dados Abertos da UFMS,https://dadosabertos.ufms.br,ckan,Open data portal,federal,BR,Brazil,Universidade Federal de Mato Grosso do Sul,Academy,https://dadosabertos.ufms.br/api/3,36,active
dados.ufpel.edu.br,Dados Abertos da UFPel,https://dados.ufpel.edu.br,ckan,Open data portal,federal,BR,Brazil,Universidade Federal de Pelotas,Academy,https://dados.ufpel.edu.br/api/3,0,active
dados.ufrb.edu.br,Dados Abertos da UFRB,https://dados.ufrb.edu.br,ckan,Open data portal,state,BR,Brazil,Universidade Federal do Recôncavo da Bahia (UFRB),Academy,https://dados.ufrb.edu.br/api/3,55,active
dados.ufrn.br,Dados Abertos da UFRN,https://dados.ufrn.br,ckan,Open data portal,federal,BR,Brazil,Universidade Federal do Rio Grande do Norte,Academy,https://dados.ufrn.br/api/3,89,active
dados.ufv.br,Dados Abertos da UFV,https://dados.ufv.br,ckan,Open data portal,federal,BR,Brazil,Universidade Federal de Viçosa (UFV),Academy,https://dados.ufv.br/api/3,51,active
dadosabertos.unifap.br,Dados Abertos da UNIFAP,http://dadosabertos.unifap.br,ckan,Open data portal,state,BR,Brazil,Universidade Federal do Amapá (UNIFAP),Academy,http://dadosabertos.unifap.br/api/3,1,active
dados.ufrr.br,Dados Abertos da Universidade Federal de Roraima,https://dados.ufrr.br,ckan,Open data portal,federal,BR,Brazil,Universidade Federal de Roraima,Academy,https://dados.ufrr.br/api/3,0,active
dados.df.gov.br,Dados abertos Distrito Federal,https://dados.df.gov.br/,ckan,Open data portal,,BR,,,,https://dados.df.gov.br/api/3,175,
dados.ibict.br,Dados Abertos do Ibict,https://dados.ibict.br,ckan,Open data portal,federal,BR,Brazil,Instituto Brasileiro de Informação em Ciência e Tecnologia (IBICT),Academy,https://dados.ibict.br/api/3,48,active
dados.ifmt.edu.br,Dados Abertos do IFMT,https://dados.ifmt.edu.br,ckan,Open data portal,federal,BR,Brazil,Instituto Federal de Mato Grosso (IFMT),Academy,,0,active
dados.ifpe.edu.br,Dados Abertos do IFPE,https://dados.ifpe.edu.br,ckan,Open data portal,state,BR,Brazil,Instituto Federal de Pernambuco (IFPE),Academy,https://dados.ifpe.edu.br/api/3,12,active
dadosabertos.go.gov.br,Dados Abertos Goias,https://dadosabertos.go.gov.br,ckan,Open data portal,state,BR,Brazil,Governo do Estado de Goias,Regional government,https://dadosabertos.go.gov.br/api/3,439,active
dados.ifsertaope.edu.br,Dados Abertos IF Sertão-PE,https://dados.ifsertaope.edu.br,ckan,Open data portal,state,BR,Brazil,Instituto Federal do Sertão Pernambucano (IFSertãoPE),Academy,https://dados.ifsertaope.edu.br/api/3,0,active
dadosabertos.ifba.edu.br,Dados Abertos IFBA,https://dadosabertos.ifba.edu.br,ckan,Open data portal,federal,BR,Brazil,"Instituto Federal de Educação, Ciência e Tecnologia da Bahia (IFBA)",Academy,https://dadosabertos.ifba.edu.br/api/3,0,active
dados.ons.org.br,DADOS ABERTOS ONS,https://dados.ons.org.br,ckan,Open data portal,federal,BR,Brazil,Operador Nacional do Sistema Elétrico (ONS),Business,https://dados.ons.org.br/api/3,80,active
dados.portoalegre.rs.gov.br,Dados Abertos POA,https://dados.portoalegre.rs.gov.br,ckan,Open data portal,federal,BR,Brazil,Município de Porto Alegre,Local government,,0,active
dados.rs.gov.br,Dados Abertos Rio Grande do Sul,https://dados.rs.gov.br,ckan,Open data portal,state,BR,Brazil,The Government of Rio Grande do Sul,Regional government,https://dados.rs.gov.br/api/3,0,active
dadosabertos.sp.gov.br,Dados Abertos SP,https://dadosabertos.sp.gov.br,ckan,Open data portal,state,BR,Brazil,Governo do Estado de São Paulo,Regional government,https://dadosabertos.sp.gov.br/api/3,390,active
dados.tce.rs.gov.br,Dados Abertos TCE-RS,https://dados.tce.rs.gov.br,ckan,Open data portal,state,BR,Brazil,COURT OF AUDIT OF THE STATE OF RIO GRANDE DO SUL,Regional government,https://dados.tce.rs.gov.br/api/3,0,active
dados.ufcspa.edu.br,Dados Abertos UFCSPA,https://dados.ufcspa.edu.br,ckan,Open data portal,federal,BR,Brazil,Universidade Federal de Ciências da Saúde de Porto Alegre (UFCSPA),Academy,https://dados.ufcspa.edu.br/api/3,33,active
dadosabertos.ufersa.edu.br,Dados Abertos UFERSA,https://dadosabertos.ufersa.edu.br,ckan,Open data portal,federal,BR,Brazil,UFERSA,Academy,https://dadosabertos.ufersa.edu.br/api/3,0,active
dadosabertos.ufgd.edu.br,Dados Abertos UFGD,https://dadosabertos.ufgd.edu.br,ckan,Open data portal,federal,BR,Brazil,Universidade Federal da Grande Dourados (UFGD),Academy,https://dadosabertos.ufgd.edu.br/api/3,34,active
dados.ufpel.tche.br,Dados Abertos UFPel,https://dados.ufpel.tche.br,ckan,Open data portal,state,BR,Brazil,Universidade Federal de Pelotas (UFPel),Academy,https://dados.ufpel.tche.br/api/3,0,active
dados.ufrj.br,Dados abertos UFRJ,https://dados.ufrj.br,ckan,Open data portal,state,BR,Brazil,Universidade Federal do Rio de Janeiro (UFRJ),Academy,https://dados.ufrj.br/api/3,0,active
dados.ufrpe.br,Dados Abertos UFRPE,https://dados.ufrpe.br,ckan,Open data portal,state,BR,Brazil,Universidade Federal Rural de Pernambuco (UFRPE),Academy,https://dados.ufrpe.br/api/3,0,active
dados.ufsj.edu.br,Dados Abertos UFSJ,https://dados.ufsj.edu.br,ckan,Open data portal,state,BR,Brazil,Universidade Federal de São João del Rei (UFSJ),Academy,https://dados.ufsj.edu.br/api/3,0,active
dadosabertos.unifesp.br,Dados Abertos Unifesp,https://dadosabertos.unifesp.br,ckan,Open data portal,federal,BR,Brazil,Universidade Federal de São Paulo (Unifesp),Academy,https://dadosabertos.unifesp.br/api/3,44,active
dados.unifesspa.edu.br,Dados Abertos Unifesspa,https://dados.unifesspa.edu.br,ckan,Open data portal,federal,BR,Brazil,Universidade Federal do Sul e Sudeste do Pará (UNIFESSPA),Academy,https://dados.unifesspa.edu.br/api/3,0,active
dados.ba.gov.br,Dados BA - Bahia,https://dados.ba.gov.br,ckan,Open data portal,state,BR,Brazil,Governo do Estado da Bahia,Regional government,https://dados.ba.gov.br/api/3,0,active
dados.sc.gov.br,Dados SC,https://dados.sc.gov.br,ckan,Open data portal,federal,BR,Brazil,State of Santa Catarina,Regional government,https://dados.sc.gov.br/api/3,0,active
dados.uff.br,Dados UFF,https://dados.uff.br,ckan,Open data portal,federal,BR,Brazil,Universidade Federal Fluminense (UFF),Academy,https://dados.uff.br/api/3,23,active
dados.ufs.br,Dados UFS,https://dados.ufs.br,ckan,Open data portal,state,BR,Brazil,Universidade Federal de Sergipe (UFS),Academy,https://dados.ufs.br/api/3,30,active
opendata.dpo.go.th,Dairy Farming Promotion Organization Of Thailand data catalog,https://opendata.dpo.go.th,ckan,Open data portal,federal,TH,Thailand,Dairy Farming Promotion Organization Of Thailand (DPO),Central government,https://opendata.dpo.go.th/api/3,1,active
dalia-bo.cnr.it,DALIA - Dati Aperti bibLIoteca Area bologna,https://dalia-bo.cnr.it/,ckan,Open data portal,state,IT,Italy,CNR - Area Territoriale di Ricerca del CNR di Bologna (Biblioteca Dario Nobili),Academy,https://dalia-bo.cnr.it/api/3,0,active
sprogteknologi.dk,Danish Language Technology Resource Portal,https://sprogteknologi.dk,ckan,Open data portal,federal,DK,Denmark,The Danish Agency for Digitalisation,Academy,https://sprogteknologi.dk/api/3,211,active
data.danubius-ri.eu,DANUBIUS RI Data Portal,https://data.danubius-ri.eu/,ckan,Open data portal,federal,RO,Romania,University of Bucharest,Academy,https://data.danubius-ri.eu/api/3,145,active
ckan.teorie.ro,DANUBIUS-RI Data Portal,https://ckan.teorie.ro,ckan,Open data portal,federal,RO,Romania,University of Bucharest,Academy,https://ckan.teorie.ro/api/3,5,active
data.deutschebahn.com,Das Datenportal der Deutschen Bahn AG.,https://data.deutschebahn.com,ckan,Open data portal,federal,DE,Germany,Deutschen Bahn AG,Business,https://data.deutschebahn.com/api/3,0,active
govdata.de,Das Datenportal für Deutschland Open Government,https://govdata.de,ckan,Open data portal,federal,DE,Germany,FITKO (Föderale IT-Kooperation),Central government,https://govdata.de/ckan/api/3,149662,active
data.ucar.edu,DASH Search,https://data.ucar.edu,ckan,Open data portal,federal,US,United States,University Corporation for Atmospheric Research (UCAR) / NSF National Center for Atmospheric Research (NCAR),Academy,https://data.ucar.edu/api/3,23196,active
opendata.ipst.ac.th,"Data accounting system, Institute for the Promotion of Teaching Science and Technology (IPST)",https://opendata.ipst.ac.th,ckan,Open data portal,federal,TH,Thailand,Institute for the Promotion of Teaching Science and Technology (Thailand),Central government,https://opendata.ipst.ac.th/api/3,21,active
catalog.ocsc.go.th,"Data accounting system, Office of the Civil Service Commission (Thailand)",https://catalog.ocsc.go.th,ckan,Open data portal,federal,TH,Thailand,Office of the Civil Service Commission (Thailand),Central government,https://catalog.ocsc.go.th/api/3,0,active
data.beltim.go.id,Data Belitung Timur,https://data.beltim.go.id,ckan,Open data portal,local,ID,Indonesia,Pemerintah Kabupaten Belitung Timur,Local government,https://data.beltim.go.id/api/3,760,active
data.mmanalytics.org,Data Catalog - MMAnalytics.org,https://data.mmanalytics.org,ckan,Open data portal,federal,MM,Myanmar,USAID Burma,Civil society,https://data.mmanalytics.org/api/3,0,active
data.opendata.am,Data Catalog Armenia,https://data.opendata.am,ckan,Open data portal,federal,AM,Armenia,Open Data Armenia,Civil society,,0,active
datosabiertos.elhierro.es,Data catalog for El Hierro,https://datosabiertos.elhierro.es,ckan,Open data portal,local,ES,Spain,Cabildo de El Hierro,Local government,https://datosabiertos.elhierro.es/api/3,4,active
dl132.madgik.di.uoa.gr,Data Catalog Name,http://dl132.madgik.di.uoa.gr,ckan,Open data portal,federal,GR,Greece,Owner Name,Central government,http://dl132.madgik.di.uoa.gr/api/3,0,active
datos.ciudaddemendoza.gob.ar,Data catalog of the City of Mendoza,https://datos.ciudaddemendoza.gob.ar,ckan,Open data portal,local,AR,Argentina,Ciudad de Mendoza,Local government,,0,active
catalog.fpo.go.th,Data catalog system Fiscal Policy Office,https://catalog.fpo.go.th,ckan,Open data portal,federal,TH,Thailand,Fiscal Policy Office (Thailand),Central government,https://catalog.fpo.go.th/api/3,7,active
data.gov.il,Data Gov Il,https://data.gov.il,ckan,Open data portal,federal,IL,Israel,Government of Israel,Central government,,0,active
data.sumbawabaratkab.go.id,Data Kabupaten Sumbawa Barat,https://data.sumbawabaratkab.go.id,ckan,Open data portal,local,ID,Indonesia,Pemerintah Kabupaten Sumbawa Barat,Local government,https://data.sumbawabaratkab.go.id/api/3,0,active
data.kavala.gov.gr,Data Kavala,https://data.kavala.gov.gr,ckan,Open data portal,local,GR,Greece,Municipality of Kavala,Local government,,0,active
data.kendalkab.go.id,Data Kendal Kabupaten,https://data.kendalkab.go.id,ckan,Open data portal,local,ID,Indonesia,Pemerintah Kabupaten Kendal,Local government,https://data.kendalkab.go.id/api/3,0,active
data.kutaitimurkab.go.id,Data Kutai Timur Dalam Satu Portal,https://data.kutaitimurkab.go.id,ckan,Open data portal,state,ID,Indonesia,Dinas Komunikasi Informatika Persandian dan Statistik Kabupaten Kutai Timur,Regional government,,0,active
data.lignesdazur.com,Data Lignes d'Azur,https://data.lignesdazur.com,ckan,Open data portal,local,FR,France,Régie Lignes d'Azur,Local government,,0,active
leedsdatamill.org,Data Mill North,https://leedsdatamill.org,ckan,Open data portal,local,GB,United Kingdom,Leeds City Council,Local government,,0,active
data.gov.mk,Data Open Data Portal,https://data.gov.mk,ckan,Open data portal,federal,MK,Republic of North Macedonia,Data,Central government,https://data.gov.mk/api/3,709,active
dataplay.org.uk,Data Place Plymouth,http://dataplay.org.uk,ckan,Open data portal,local,GB,United Kingdom,Plymouth City Council,Local government,http://dataplay.org.uk/api/3,174,active
opendata.city.tambov.gov.ru,Data portal of the Tambov city administration,http://opendata.city.tambov.gov.ru,ckan,Open data portal,local,RU,Russian Federation,Tambov city administration,Local government,,0,active
desq.quescren.ca,Data Portal on English-Speaking Quebec,https://desq.quescren.ca,ckan,Open data portal,state,CA,Canada,QUESCREN (Concordia University),Academy,https://desq.quescren.ca/api/3,159,active
data.aeronomie.be,Data repository of BIRA-IASB,https://data.aeronomie.be,ckan,Open data portal,federal,BE,Belgium,Royal Belgian Institute for Space Aeronomy (BIRA-IASB),Academy,https://data.aeronomie.be/api/3,156,active
ckan.pf-sapporo.jp,Data smart city Sapporo,https://ckan.pf-sapporo.jp,ckan,Open data portal,local,JP,Japan,City of Sapporo,Local government,https://ckan.pf-sapporo.jp/api/3,259,active
statistik.ponorogo.go.id,Data Statistik Sektoral,https://statistik.ponorogo.go.id,ckan,Open data portal,local,ID,Indonesia,Ponorogo Regency Government,Local government,https://statistik.ponorogo.go.id/api/3,3286,active
trouver.datasud.fr,DATA SUD,https://trouver.datasud.fr,ckan,Open data portal,state,FR,France,Region Sud,Regional government,,0,active
data.tegalkab.go.id,Data Terbuka - Kabupaten Tegal,https://data.tegalkab.go.id,ckan,Open data portal,local,ID,Indonesia,Tegal Regency,Local government,http://data.tegalkab.go.id/api/3,0,active
catalogue.data.wa.gov.au,Data WA Catalogue,https://catalogue.data.wa.gov.au,ckan,Open data portal,state,AU,Australia,Government of Western Australia,Regional government,https://catalogue.data.wa.gov.au/api/3,2900,active
catalogue.data.govt.nz,Data.gov.nz - New Zealand open data portal,https://catalogue.data.govt.nz,ckan,Open data portal,federal,NZ,New Zealand,Government of New Zealand,Central government,https://catalogue.data.govt.nz/api/3,0,active
data.gov.ro,Data.gov.ro Romanian open data portal,https://data.gov.ro,ckan,Open data portal,federal,RO,Romania,Government of Romania,Central government,http://data.gov.ro/catalog.rdf,0,active
data.nsw.gov.au,Data.NSW (CKAN),https://data.nsw.gov.au/data,ckan,Open data portal,state,AU,Australia,State of New South Wales,Regional government,https://data.nsw.gov.au/data/api/3,16863,active
data.rio,data.rio,https://data.rio/,ckan,Open data portal,,BR,,,,https://data.rio/api/3,0,
data.telangana.gov.in,data.telangana.gov.in - Official Open Data Portal for Government of Telangana,https://data.telangana.gov.in/,ckan,Open data portal,,"Telangana, India",,,,,0,
data.wprdc.org,data.wprdc.org (Western Pennsylvania Regional Data Center),https://data.wprdc.org,ckan,Open data portal,state,US,United States,University Center of Social and Urban Research (UCSUR),Academy,https://data.wprdc.org/api/3,364,active
data.wu.ac.at,data.wu.ac.at Portal,https://data.wu.ac.at/portal/,ckan,Open data portal,state,AT,Austria,Vienna University of Economics and Business,Academy,https://data.wu.ac.at/portal/api/3,161,active
data.data4citizen.jp,Data4Citizen open data,https://data.data4citizen.jp,ckan,Open data portal,federal,JP,Japan,Data4Citizen,Civil society,https://data.data4citizen.jp/api/3,399,active
ckan2.data.arnia-bfc.fr,DataBFC - Plateforme CKAN,https://ckan2.data.arnia-bfc.fr,ckan,Open data portal,federal,FR,France,Agence Régionale du Numérique et de l'intelligence artificielle - ARNia,Regional government,,0,active
grandestprod-backoffice.data4citizen.com,Datacitizen Open Data Portal,https://grandestprod-backoffice.data4citizen.com,ckan,Open data portal,federal,FR,France,Datacitizen,Business,https://grandestprod-backoffice.data4citizen.com/api/3,0,active
datagm.org.uk,DataGM,https://datagm.org.uk/,ckan,Open data portal,,UK,,,,,0,
data-gov-ua.org,DataGovUa - неофіційний портал,https://data-gov-ua.org,ckan,Open data portal,federal,UA,Ukraine,Ukraine Government,Civil society,http://data-gov-ua.org/api/3,0,active
old.datahub.io,DataHub - Open Data Portal,https://old.datahub.io,ckan,Open data portal,federal,World,World,Open Knowledge Foundation,Civil society,https://old.datahub.io/api/3,0,active
datahub.openscience.eu,DataHub Open Science,https://datahub.openscience.eu,ckan,Open data portal,federal,EU,European Union,Not specified in provided data,Academy,https://datahub.openscience.eu/api/3,21,active
datamx.io,DataMX Open Data Portal,https://datamx.io,ckan,Open data portal,federal,MX,Mexico,DataMX,Community,https://datamx.io/api/3,9753,active
ckan.dataplatform.nl,Dataplatform,https://ckan.dataplatform.nl,ckan,Open data portal,federal,NL,Netherlands,Civity,Business,https://ckan.dataplatform.nl/api/3,2473,active
dataplatformfiets.be,Dataplatform fiets,https://dataplatformfiets.be,ckan,Open data portal,federal,BE,Belgium,Not specified in provided information,Academy,https://dataplatformfiets.be/api/3,0,active
livelanguage.datascientia.eu,Datascientia Open Data Portal,https://livelanguage.datascientia.eu,ckan,Open data portal,federal,EU,European Union,Datascientia,Academy,https://livelanguage.datascientia.eu/api/3,0,active
datos.yvera.tur.ar,Datasets - Datos Abiertos de Turismo - Yvera,https://datos.yvera.tur.ar,ckan,Open data portal,federal,AR,Argentina,Ministerio de Turismo y Deportes,Central government,,0,active
data.opencity.in,Datasets - Open City - Urban data portal,https://data.opencity.in,ckan,Open data portal,federal,IN,India,Open City (Oorvani Foundation),Civil society,https://data.opencity.in/api/3,992,active
dataspace.mobi,Dataspace Open Data Portal,https://dataspace.mobi,ckan,Open data portal,international,World,World,Dataspace,Business,https://dataspace.mobi/api/3,0,active
publier.datasud.fr,DataSud Open data portal,https://publier.datasud.fr,ckan,Open data portal,state,FR,France,DataSud,Regional government,,0,active
dataunderground.org,Dataunderground Open Data Portal,https://dataunderground.org,ckan,Open data portal,international,World,World,Dataunderground,Business,https://dataunderground.org/api/3,0,active
datavejviser.dk,Datavejviser - Guide to Public Data,https://datavejviser.dk,ckan,Open data portal,federal,DK,Denmark,Agency for Digital Government,Central government,,0,active
ckan.datenplattform.heidelberg.de,Datenplattform Heidelberg,https://ckan.datenplattform.heidelberg.de,ckan,Open data portal,local,DE,Germany,Stadt Heidelberg,Local government,https://ckan.datenplattform.heidelberg.de/api/3,49,active
data.dathere.com,datHere Data Catalog,https://data.dathere.com,ckan,Open data portal,federal,US,United States,datHere,Other,https://data.dathere.com/api/3,70,active
dati.arpae.it,Dati Arpae,https://dati.arpae.it,ckan,Open data portal,state,IT,Italy,"The regional agency for prevention, the environment and energy of Emilia-Romagna",Regional government,https://dati.arpae.it/api/3,257,active
dati.provincia.pistoia.it,dati.gov.it i dati aperti della pubblica amministrazione,http://dati.provincia.pistoia.it,ckan,Open data portal,state,IT,Italy,Provincia di Pistoia,Regional government,http://dati.provincia.pistoia.it/api/3,0,active
dati.gov.it,dati.gov.it i dati aperti della pubblica amministrazione,https://dati.gov.it,ckan,Open data portal,federal,IT,Italy,Agenzia per l Italia digitale,Central government,http://dati.gov.it/opendata/api/3,69586,active
opendata.datahub.io,Datopian Open Data,https://opendata.datahub.io,ckan,Open data portal,federal,GB,United Kingdom,Datopian,Business,https://demo.dev.datopian.com/api/3,1424,active
datos.codeandomexico.org,Datos - Codeando México,https://datos.codeandomexico.org,ckan,Open data portal,federal,MX,Mexico,Codeando México A.C.,Community,https://datos.codeandomexico.org/api/3,0,active
datos.minfin.gob.gt,Datos Abiertos  Ministerio de Finanzas Públicas  Guatemala,https://datos.minfin.gob.gt,ckan,Open data portal,federal,GT,Guatemala,Ministerio de Finanzas Públicas,Central government,http://datos.minfin.gob.gt/api/3,0,active
datosabiertos.conectia.alcalaguadaira.es,Datos abiertos - Alcalá de Guadaira (Conectia),https://datosabiertos.conectia.alcalaguadaira.es/,ckan,Open data portal,local,ES,Spain,Ayuntamiento de Alcalá de Guadaira,Local government,https://datosabiertos.conectia.alcalaguadaira.es/api/3,0,active
datosabiertos.lastorresdecotillas.es,Datos abiertos - Las Torres de Cotillas,https://datosabiertos.lastorresdecotillas.es,ckan,Open data portal,local,ES,Spain,Ayuntamiento de Las Torres de Cotillas,Local government,https://datosabiertos.lastorresdecotillas.es/api/3,5,active
datosabiertos.motril.es,Datos abiertos - Motril,https://datosabiertos.motril.es/,ckan,Open data portal,local,ES,Spain,Ayuntamiento de Motril,Local government,https://datosabiertos.motril.es/api/3,0,active
datosabiertos.aytosanlorenzo.es,Datos abiertos - San Lorenzo de El Escorial,https://datosabiertos.aytosanlorenzo.es/,ckan,Open data portal,federal,ES,Spain,Ayuntamiento de San Lorenzo de El Escorial,Local government,https://datosabiertos.aytosanlorenzo.es/api/3,49,active
datosabiertos.territoriointeligente.jcyl.es,Datos Abiertos - Territorio Rural Inteligente de Castilla y Leon,https://datosabiertos.territoriointeligente.jcyl.es,ckan,Open data portal,state,ES,Spain,Junta de Castilla y Leon,Regional government,https://datosabiertos.territoriointeligente.jcyl.es/api/3,0,active
datosabiertos.muniguarco.go.cr,Datos Abiertos | Gobierno Local de El Guarco,https://datosabiertos.muniguarco.go.cr/,ckan,Open data portal,local,CR,Costa Rica,Municipalidad de El Guarco,Local government,,0,active
ckan.puertosdetenerife.org,Datos Abiertos Autoridad Portuaria Santa Cruz de Tenerife,https://ckan.puertosdetenerife.org/,ckan,Open data portal,state,ES,Spain,Autoridad Portuaria de Santa Cruz de Tenerife,Regional government,https://ckan.puertosdetenerife.org/api/3,69,active
datosabiertos.malaga.eu,Datos abiertos Ayntamiento Málaga,http://datosabiertos.malaga.eu,ckan,Open data portal,local,ES,Spain,Ayntamiento Málaga,Local government,http://datosabiertos.malaga.eu/api/3,1308,active
datosabiertos.bcie.org,Datos Abiertos BCIE,https://datosabiertos.bcie.org,ckan,Open data portal,federal,HN,Honduras,Banco Centroamericano de Integración Económica (BCIE),International,,0,active
datosabiertos.bogota.gov.co,Datos Abiertos Bogotá,https://datosabiertos.bogota.gov.co,ckan,Open data portal,state,CO,Colombia,City of Bogota,Regional government,https://datosabiertos.bogota.gov.co/api/3,0,active
datos.gob.bo,Datos Abiertos Bolivia,https://datos.gob.bo,ckan,Open data portal,federal,BO,Bolivia,Government of Bolivia,Central government,https://datos.gob.bo/api/3,0,active
datos.cali.gov.co,Datos Abiertos Cali,https://datos.cali.gov.co,ckan,Open data portal,local,CO,Colombia,City of Cali,Local government,https://datos.cali.gov.co/api/3,663,active
datosabiertos.chiclana.es,Datos Abiertos Chiclana,https://datosabiertos.chiclana.es,ckan,Open data portal,local,ES,Spain,Ayuntamiento de Chiclana de la Frontera,Local government,https://datosabiertos.chiclana.es/api/3,30,active
datos.congresogto.gob.mx,Datos Abiertos Congreso del Estado de Guanajuato,https://datos.congresogto.gob.mx,ckan,Open data portal,state,MX,Mexico,Congreso del Estado de Guanajuato,Regional government,https://datos.congresogto.gob.mx/api/3,34,active
datos.crespo.gob.ar,Datos abiertos Crespo,http://datos.crespo.gob.ar,ckan,Open data portal,local,AR,Argentina,Municipalidad de Crespo,Local government,,0,active
datos.ambiente.gob.ar,Datos Abiertos de Ambiente y Desarrollo Sostenible,https://datos.ambiente.gob.ar,ckan,Open data portal,federal,AR,Argentina,Ministerio de Ambiente y Desarrollo Sostenible,Central government,http://datos.ambiente.gob.ar/api/3,0,active
datos.tenerife.es,Datos Abiertos de Auditorio de Tenerife,https://datos.tenerife.es/es/datos/conjuntos-de-datos?filter%5Bsearch%5D=&filte…,ckan,Open data portal,local,ES,Spain,Datos Abiertos de Auditorio de Tenerife,Local government,,0,active
datosabiertos.aytoboadilla.org,Datos Abiertos de Boadilla del Monte,https://datosabiertos.aytoboadilla.org/,ckan,Open data portal,local,ES,Spain,Ayuntamiento de Boadilla del Monte,Local government,,0,active
datos.mpiochih.gob.mx,Datos Abiertos de Chihuahua,http://datos.mpiochih.gob.mx,ckan,Open data portal,state,MX,Mexico,Gobierno Abierto y Archivos,Regional government,,0,active
datos.entrerios.gov.ar,Datos abiertos de Entre Rios,https://datos.entrerios.gov.ar,ckan,Open data portal,federal,AR,Argentina,Gobierno de Entre Rios,Regional government,,0,active
datos.minem.gob.ar,Datos Abiertos de la Secretaria de Energia,https://datos.minem.gob.ar,ckan,Open data portal,federal,AR,Argentina,Secretaria de Energia,Central government,,0,active
datos.transporte.gob.ar,Datos abiertos de la Secretaría de Transporte,https://datos.transporte.gob.ar,ckan,Open data portal,federal,AR,Argentina,Ministerio de Transporte,Central government,,0,active
datosabiertos.gob.pa,Datos Abiertos de Panama,https://datosabiertos.gob.pa,ckan,Open data portal,federal,PA,Panama,Republica de Panama,Central government,https://datosabiertos.gob.pa/api/3,5385,active
datos15-21.slp.gob.mx,Datos Abiertos de San Luis Potosí 2015-2021,https://datos15-21.slp.gob.mx,ckan,Open data portal,state,MX,Mexico,Gobierno de San Luis Potosí,Regional government,https://datos15-21.slp.gob.mx/api/3,0,active
datos.yvera.gob.ar,Datos Abiertos de Turismo - Yvera,https://datos.yvera.gob.ar,ckan,Open data portal,federal,AR,Argentina,Ministerio de Turismo y Deportes,Central government,,0,active
datos.alcobendas.org,Datos Abiertos del Ayuntamiento de Alcobendas,https://datos.alcobendas.org,ckan,Open data portal,local,ES,Spain,Ayuntamiento de Alcobendas,Local government,,0,active
transparencia.enargas.gob.ar,Datos Abiertos del Ente Nacional Regulador del Gas,https://transparencia.enargas.gob.ar,ckan,Open data portal,federal,AR,Argentina,Ente Nacional Regulador del Gas,Central government,,0,active
datosabiertos.mef.gob.pe,Datos Abiertos del Ministerio de Economía y Finanzas Peru,https://datosabiertos.mef.gob.pe,ckan,Open data portal,federal,PE,Peru,Ministerio de Economía y Finanzas Peru,Central government,https://datosabiertos.mef.gob.pe/api/3,0,active
datos.salud.gob.ar,Datos Abiertos del Ministerio de Salud,http://datos.salud.gob.ar,ckan,Open data portal,federal,AR,Argentina,Ministerio de Salud,Central government,,0,active
datos.mininterior.gob.ar,Datos Abiertos del Ministerio del Interior,https://datos.mininterior.gob.ar,ckan,Open data portal,federal,AR,Argentina,Ministerio del Interior,Central government,https://datos.mininterior.gob.ar/api/3,14,active
datos.veracruzmunicipio.gob.mx,Datos Abiertos del Municipio de Veracruz,https://datos.veracruzmunicipio.gob.mx,ckan,Open data portal,local,MX,Mexico,Municipio de Veracruz,Local government,https://datos.veracruzmunicipio.gob.mx/api/3,370,active
datos.yerbabuena.gob.ar,Datos Abiertos del Municipio de Yerba Buena - Tucumán (Argentina),http://datos.yerbabuena.gob.ar,ckan,Open data portal,local,AR,Argentina,Municipio de Yerba Buena,Local government,http://datos.yerbabuena.gob.ar/api/3,0,active
datosabiertos.ufasta.edu.ar,Datos Abiertos del Observatorio Universitario de la Ciudad,http://datosabiertos.ufasta.edu.ar,ckan,Open data portal,state,AR,Argentina,Universidad FASTA / Observatorio Universitario de la Ciudad,Academy,,0,active
ckanpj.azurewebsites.net,Datos Abiertos del Poder Judicial de Costa Rica,https://ckanpj.azurewebsites.net,ckan,Open data portal,federal,CR,Costa Rica,Poder Judicial de Costa Rica,Central government,https://ckanpj.azurewebsites.net/api/3,0,active
opendata.alcoi.org,Datos abiertos e información interesante de Alcoy,https://opendata.alcoi.org,ckan,Open data portal,local,ES,Spain,Ayntamient d Alcoi,Local government,,0,active
datos.estadistica.ec.gba.gov.ar,Datos Abiertos Estadística PBA,https://datos.estadistica.ec.gba.gov.ar,ckan,Open data portal,state,AR,Argentina,Dirección Provincial de Estadística - Ministerio de Economía,Regional government,https://datos.estadistica.ec.gba.gov.ar/api/3,200,active
datosabiertos.lapaz.bo,Datos Abiertos Gobierno Autónomo Municipal de La Paz,https://datosabiertos.lapaz.bo,ckan,Open data portal,local,BO,Bolivia,Gobierno Autónomo Municipal de La Paz,Local government,https://datosabiertos.lapaz.bo/api/3,0,active
datos.gob.mx,Datos Abiertos Gobierno de Mexico,https://datos.gob.mx,ckan,Open data portal,federal,MX,Mexico,Gobierno de Mexico,Central government,,0,active
luj-bue-datos.paisdigital.innovacion.gob.ar,Datos abiertos Luján,http://luj-bue-datos.paisdigital.innovacion.gob.ar,ckan,Open data portal,local,AR,Argentina,"Luján, Buenos Aires, Argentina",Local government,,0,active
datosabiertos.mendoza.gov.ar,Datos Abiertos Mendoza,https://datosabiertos.mendoza.gov.ar,ckan,Open data portal,state,AR,Argentina,Mendoza Gobierno,Regional government,,0,active
montilla-opendata.e-admin.es,Datos abiertos Montilla,https://montilla-opendata.e-admin.es/dataset/,ckan,Open data portal,local,ES,Spain,Datos abiertos Montilla,Local government,https://montilla-opendata.e-admin.es/api/3,39,active
datosabiertos.mspas.gob.gt,Datos Abiertos MSPAS Guatemala,https://datosabiertos.mspas.gob.gt,ckan,Open data portal,federal,GT,Guatemala,Ministerio de Salud Publica y Asistencia Social,Central government,https://datosabiertos.mspas.gob.gt/api/3,20,active
datosabiertos.navarra.es,Datos Abiertos Navarra,http://datosabiertos.navarra.es,ckan,Open data portal,state,ES,Spain,Gobierno Abierto de Navarra,Regional government,http://datosabiertos.navarra.es/api/3,0,active
datos.olacefs.com,Datos Abiertos Olacefs,https://datos.olacefs.com,ckan,Open data portal,international,World,World,OLACEFS,International,https://datos.olacefs.com/api/3,13,active
datosabiertos.pergamino.gob.ar,Datos Abiertos Pergamino,http://datosabiertos.pergamino.gob.ar,ckan,Open data portal,local,AR,Argentina,Municipalidad de Pergamino,Local government,,0,active
per-bue-datos.paisdigital.modernizacion.gob.ar,Datos Abiertos Pergamino,http://per-bue-datos.paisdigital.modernizacion.gob.ar,ckan,Open data portal,local,AR,Argentina,El municipio de Pergamino,Local government,,0,active
datos.qroo.gob.mx,Datos Abiertos QROO,https://datos.qroo.gob.mx/,ckan,Open data portal,state,MX,Mexico,Quintana Roo government,Regional government,,0,active
datosabiertos.sanjuan.gob.ar,Datos Abiertos San Juan,https://datosabiertos.sanjuan.gob.ar,ckan,Open data portal,local,AR,Argentina,Gobierno de San Juan,Local government,,0,active
datos.santafe.gob.ar,Datos abiertos Santa Fe,https://datos.santafe.gob.ar,ckan,Open data portal,state,AR,Argentina,Provincia de Santa Fe,Regional government,,0,active
opendata.sitcan.es,Datos abiertos SITCAN de Canarias,http://opendata.sitcan.es,ckan,Open data portal,state,ES,Spain,Gobierno de Canarias,Regional government,,0,active
datosabiertos.valledelcauca.gov.co,Datos Abiertos Valle del Cauca,https://datosabiertos.valledelcauca.gov.co,ckan,Open data portal,state,CO,Colombia,Gobernacion del Valle del Cauca,Regional government,https://datosabiertos.valledelcauca.gov.co/api/3,49,active
datos.magyp.gob.ar,"Datos Agricultura, Ganaderia y Pesca",https://datos.magyp.gob.ar,ckan,Open data portal,federal,AR,Argentina,"Ministerio de Agricultura, Ganadería y Pesca",Central government,,0,active
datos.gob.ar,Datos Argentina,https://datos.gob.ar,ckan,Open data portal,federal,AR,Argentina,Jefatura de Gabinete de Ministros,Central government,,0,active
datasets.datos.mincyt.gob.ar,Datos de la Ciencia y la Tecnologia Argentina,https://datasets.datos.mincyt.gob.ar,ckan,Open data portal,state,AR,Argentina,"Ministerio de Ciencia, Tecnología e Innovación",Central government,,0,active
datos.energia.gob.ar,Datos Energía,http://datos.energia.gob.ar,ckan,Open data portal,federal,AR,Argentina,Secretaría de Energía,Central government,https://datos.energia.gob.ar/api/3,0,active
datos.jesusmaria.gov.ar,Datos Jesús María,https://datos.jesusmaria.gov.ar,ckan,Open data portal,local,AR,Argentina,Municipalidad de Jesús María,Local government,,0,active
datos.quilmes.gov.ar,Datos Quilmes Gobierno,http://datos.quilmes.gov.ar,ckan,Open data portal,local,AR,Argentina,Municipio de Quilmes,Local government,,0,active
datos.csjn.gov.ar,datos.csjn.gov.ar (Corte Suprema de Justicia de la Nación),https://datos.csjn.gov.ar,ckan,Open data portal,federal,AR,Argentina,Corte Suprema de Justicia de la Nación,Central government,https://datos.csjn.gov.ar/api/3,291,active
datos.gob.es,Datos.gob.es Open Data Portal,https://datos.gob.es/es/catalogo,ckan,Open data portal,federal,ES,Spain,Datos.gob.es,Central government,https://datos.gob.es/api/3,0,active
dcor.mpl.mpg.de,DCOR Open Data Portal,https://dcor.mpl.mpg.de,ckan,Open data portal,federal,DE,Germany,Max Planck Institute,Academy,,0,active
data.deliserdangkab.go.id,Deliserdangkab Open Data Portal,https://data.deliserdangkab.go.id,ckan,Open data portal,local,ID,Indonesia,Deli Serdang Regency Government,Local government,https://data.deliserdangkab.go.id/api/3,0,active
demo.datashades.com,Demo Open Data Portal,https://demo.datashades.com,ckan,Open data portal,international,World,World,Demo,Business,https://demo.datashades.com/api/3,172,active
opendata.depa.or.th,depa Open Data,https://opendata.depa.or.th,ckan,Open data portal,federal,TH,Thailand,"Digital Economy Promotion Agency (depa), Thailand",Central government,https://opendata.depa.or.th/api/3,11,active
opendata.agriculture.gov.ie,"Department of Agriculture, Food and the Marine Open Data Portal",https://opendata.agriculture.gov.ie,ckan,Open data portal,federal,IE,Ireland,"Department of Agriculture, Food and the Marine of Ireland",Central government,https://opendata.agriculture.gov.ie/api/3,58,active
datacatalog.doa.go.th,"Department of Agriculture, Thailand Open Data Portal",https://datacatalog.doa.go.th,ckan,Open data portal,federal,TH,Thailand,"Department of Agriculture, Thailand",Central government,https://datacatalog.doa.go.th/api/3,0,active
gdcatalog.airports.go.th,Department of Airports Government Data Catalog,https://gdcatalog.airports.go.th/,ckan,Open data portal,federal,TH,Thailand,Department of Airports,Central government,https://gdcatalog.airports.go.th/api/3,4,active
opendata.dbd.go.th,Department of Business Development Open Data,https://opendata.dbd.go.th,ckan,Open data portal,federal,TH,Thailand,Department of Business Development,Central government,https://opendata.dbd.go.th/api/3,0,active
data.ed.gov,Department of Education Open Data Platform,https://data.ed.gov,ckan,Open data portal,federal,US,United States,US Department of Education,Central government,https://data.ed.gov/api/3,992,active
catalog.doe.go.th,"Department of Energy, Thailand Open Data Portal",https://catalog.doe.go.th,ckan,Open data portal,federal,TH,Thailand,"Department of Energy, Thailand",Central government,,0,active
dms.hiv.health.gov.mw,"Department of HIV, AIDS & Viral Hepititis (DHA) Document Management System",https://dms.hiv.health.gov.mw,ckan,Open data portal,federal,MW,Malawi,"HIV, AIDS & Viral Hepititis Ministry of Health, Malawi",Central government,https://dms.hiv.health.gov.mw/api/3,0,active
opendata.housing.gov.ie,Department of Housing Open Data Portal,https://opendata.housing.gov.ie,ckan,Open data portal,federal,IE,Ireland,"Department of Housing, Local Government and Heritage",Central government,https://opendata.housing.gov.ie/api/3,456,active
catalog.dip.go.th,Department of Industrial Promotion Data Catalog,https://catalog.dip.go.th,ckan,Open data portal,federal,TH,Thailand,Department of Industrial Promotion,Central government,https://catalog.dip.go.th/api/3,0,active
datacatalog.dit.go.th,"Department of Information Technology (DIT), Thailand Open Data Portal",https://datacatalog.dit.go.th,ckan,Open data portal,federal,TH,Thailand,"Department of Information Technology (DIT), Thailand",Central government,https://datacatalog.dit.go.th/api/3,1,active
itd.gdcatalog.go.th,"Department of Information Technology, Thailand Open Data Portal",https://itd.gdcatalog.go.th,ckan,Open data portal,federal,TH,Thailand,"Department of Information Technology, Thailand",Central government,https://itd.gdcatalog.go.th/api/3,0,active
catalog.ipthailand.go.th,Department of Intellectual Property Data Catalog,https://catalog.ipthailand.go.th,ckan,Open data portal,federal,TH,Thailand,"Department of Intellectual Property (DIP), Ministry of Commerce, Thailand",Central government,https://catalog.ipthailand.go.th/api/3,16,active
lddcatalog.ldd.go.th,Department of Land Development Accounting System,https://lddcatalog.ldd.go.th,ckan,Open data portal,federal,TH,Thailand,Department of Land Developmnet Thailand,Central government,https://lddcatalog.ldd.go.th/api/3,22,active
gdcatalog.dlt.go.th,Department of Land Transport Government Data Catalog,https://gdcatalog.dlt.go.th,ckan,Open data portal,federal,TH,Thailand,Department of Land Transport,Central government,https://gdcatalog.dlt.go.th/api/3,0,active
opendata.dmcr.go.th,Department of Marine and Coastal Resources Data disclosure system,https://opendata.dmcr.go.th,ckan,Open data portal,federal,TH,Thailand,Department of Marine and Coastal Resources (Thailand),Central government,https://opendata.dmcr.go.th/api/3,0,active
catalog.dnp.go.th,"Department of National Parks, Wildlife and Plant Conservation data catalog",https://catalog.dnp.go.th,ckan,Open data portal,federal,TH,Thailand,"Department of National Parks, Wildlife and Plant Conservation (Thailand)",Central government,https://catalog.dnp.go.th/api/3,0,active
opendata.dpe.go.th,"Department of Physical Education, Thailand Open Data Portal",https://opendata.dpe.go.th,ckan,Open data portal,federal,TH,Thailand,"Department of Physical Education, Thailand",Central government,,0,active
catalog.dopa.go.th,"Department of Provincial Administration, Thailand Open Data Portal",https://catalog.dopa.go.th,ckan,Open data portal,federal,TH,Thailand,"Department of Provincial Administration, Thailand",Central government,https://catalog.dopa.go.th/api/3,0,active
dataportal.drr.go.th,Department of Rural Roads (Thailand) open data,http://dataportal.drr.go.th,ckan,Open data portal,federal,TH,Thailand,Department of Rural Roads (Thailand),Central government,http://dataportal.drr.go.th/api/3,0,active
opendata.dsd.go.th,Department of Skill Development data catalog,https://opendata.dsd.go.th,ckan,Open data portal,federal,TH,Thailand,Department of Skill Development (Thailand),Central government,https://opendata.dsd.go.th/api/3,13,active
data.dss.go.th,"Department of Social Development and Welfare, Thailand Open Data Portal",https://data.dss.go.th,ckan,Open data portal,federal,TH,Thailand,"Department of Social Development and Welfare, Thailand",Central government,https://data.dss.go.th/api/3,17,active
ckan.dsi.go.th,Department of Special Investigation Data catalog (Thailand),https://ckan.dsi.go.th,ckan,Open data portal,federal,TH,Thailand,Department of Special Investigation (Thailand),Central government,https://ckan.dsi.go.th/api/3,7,active
data.depositar.io,depositar.io Open Data Portal,https://data.depositar.io,ckan,Open data portal,federal,TW,Taiwan,depositar.io,Academy,https://data.depositar.io/api/3,3373,active
losd-data.staging.derilinx.com,Derilinx Open Data Portal,https://losd-data.staging.derilinx.com,ckan,Open data portal,international,World,World,Derilinx,Business,https://losd-data.staging.derilinx.com/api/3,0,active
catalog.dasta.or.th,Designated Areas for Sustainable Tourism Administration accounting system,https://catalog.dasta.or.th,ckan,Open data portal,federal,TH,Thailand,Designated Areas for Sustainable Tourism Administration (Public Organization),Central government,https://catalog.dasta.or.th/api/3,0,active
ckan.grassroots.tools,Designing Future Wheat CKAN,https://ckan.grassroots.tools,ckan,Open data portal,federal,GB,United Kingdom,Earlham Institute,Academy,https://ckan.grassroots.tools/api/3,539,active
detroitdata.org,DetroitData,https://detroitdata.org,ckan,Open data portal,state,US,United States,DetroitData,Civil society,https://detroitdata.org/api/3,1586,active
opendata.dfki.uni-trier.de,DFKI - CSS Data Storage,https://opendata.dfki.uni-trier.de/,ckan,Open data portal,state,DE,Germany,DFKI / University of Trier,Academy,,0,active
catalog-dga.data.go.th,DGA Data Catalog,https://catalog-dga.data.go.th,ckan,Open data portal,federal,TH,Thailand,Digital Government Development Agency (DGA),Central government,https://catalog-dga.data.go.th/api/3,32,active
satudata.dharmasrayakab.go.id,Dharmasraya Regency Government Open Data Portal,https://satudata.dharmasrayakab.go.id,ckan,Open data portal,local,ID,Indonesia,Dharmasraya Regency Government,Local government,https://satudata.dharmasrayakab.go.id/api/3,399,active
diavgeia.gov.gr,Diavgeia Geoportal - Υπουργείο Ψηφιακής Διακυβέρνησης (Ministry of Digital Governance),https://diavgeia.gov.gr,ckan,Open data portal,federal,GR,Greece,Υπουργείο Ψηφιακής Διακυβέρνησης (Ministry of Digital Governance),Central government,,0,active
ckan.dice-research.org,Dice Research Open Data Portal,https://ckan.dice-research.org/,ckan,Open data portal,international,World,World,Dice Research,Academy,https://ckan.dice-research.org/api/3,0,active
dl006.madgik.di.uoa.gr,"Digital Library of Madgik, DI, UoA",https://dl006.madgik.di.uoa.gr/,ckan,Open data portal,federal,GR,Greece,"Department of Informatics, University of Athens",Academy,https://dl006.madgik.di.uoa.gr/api/3,0,active
datasets.catalogue.data.gov.dk,Digitaliseringsstyrelsen,https://datasets.catalogue.data.gov.dk,ckan,Open data portal,federal,DK,Denmark,Government of Denmark,Central government,https://datasets.catalogue.data.gov.dk/api/3,0,active
ckan.diplab.uplb.edu.ph,DIP Lab: Development Innovations and Policy Laboratory,https://ckan.diplab.uplb.edu.ph,ckan,Open data portal,federal,PH,Phillipines,The Development Innovations and Policy Laboratory (DIP Lab),Academy,https://ckan.diplab.uplb.edu.ph/api/3,0,active
datosabiertossalamanca.es,Diputación de Salamanca - Datos abiertos,https://datosabiertossalamanca.es/organization/diputacion-de-salamanca,ckan,Open data portal,local,ES,Spain,Diputación de Salamanca - Datos abiertos,Local government,https://datosabiertossalamanca.es/api/3,51,active
datosabiertos.dphuesca.es,Diputación Provincial de Huesca Open Data Portal,https://datosabiertos.dphuesca.es,ckan,Open data portal,state,ES,Spain,Diputación Provincial de Huesca,Regional government,https://datosabiertos.dphuesca.es/api/3,49,active
datosestadistica.cba.gov.ar,Dirección General de Estadística y Censos de Córdoba,https://datosestadistica.cba.gov.ar,ckan,Open data portal,state,AR,Argentina,Dirección General de Estadística y Censos,Central government,https://datosestadistica.cba.gov.ar/api/3,0,active
disada.lebakkab.go.id,Disada Lebakkab Open Data Portal,https://disada.lebakkab.go.id,ckan,Open data portal,local,ID,Indonesia,Dinas Komunikasi dan Informatika Kabupaten Lebak,Local government,https://disada.lebakkab.go.id/api/3,0,active
data.disl.dev,Disl Open Data Portal,https://data.disl.dev,ckan,Open data portal,international,World,World,Disl,Business,https://data.disl.dev/api/3,0,active
data.diversitydatakids.org,Diversity data for kids data portal,https://data.diversitydatakids.org,ckan,Open data portal,federal,US,United States,"Institute for Child, Youth and Family Policy at Brandeis University",Civil society,https://data.diversitydatakids.org/api/3,0,active
opendata.dla.go.th,DLA Open Data,https://opendata.dla.go.th/,ckan,Open data portal,federal,TH,Thailand,"Department of Local Administration (DLA), Thailand",Central government,https://opendata.dla.go.th/api/3,29,active
catalog.dmh.go.th,DMH Data catalog,https://catalog.dmh.go.th,ckan,Open data portal,federal,TH,Thailand,Departement of Mentral health (Thailand),Central government,https://catalog.dmh.go.th/api/3,290,active
data.dniprorada.gov.ua,Dnipro City Open Data Portal,https://data.dniprorada.gov.ua,ckan,Open data portal,local,UA,Ukraine,Dnipro City Council,Local government,https://data.dniprorada.gov.ua/api/3,0,active
donnees.cmm.qc.ca,Données de la Communauté métropolitaine de Montréal,https://donnees.cmm.qc.ca,ckan,Open data portal,state,CA,Canada,Communauté métropolitaine de Montréal,Regional government,https://donnees.cmm.qc.ca/api/3,1,active
donnees.ville.montreal.qc.ca,Données ouvertes Monreal,https://donnees.ville.montreal.qc.ca,ckan,Open data portal,local,CA,Canada,Ville de Montréal,Local government,https://donnees.ville.montreal.qc.ca/api/3,397,active
donneesquebec.ca,Données Québec,https://donneesquebec.ca,ckan,Open data portal,state,CA,Canada,Government of Quebec,Regional government,https://donneesquebec.ca/api/3,1584,active
donnees-data.asc-csa.gc.ca,donnees-data.asc-csa.gc.ca (Canadian Space Agency Open Data Portal),https://donnees-data.asc-csa.gc.ca,ckan,Open data portal,federal,CA,Canada,Canadian Space Agency,Central government,https://donnees-data.asc-csa.gc.ca/api/3,0,active
opendata.drohobych-rada.gov.ua,Drohobych City Open Data Portal,https://opendata.drohobych-rada.gov.ua,ckan,Open data portal,local,UA,Ukraine,Дрогобицька міська рада (Drohobych City Council),Local government,,0,active
data.smartdublin.ie,Dublinked Open Data for the Dublin Region,https://data.smartdublin.ie,ckan,Open data portal,local,IE,Ireland,Smart Dublin,Local government,https://data.smartdublin.ie/api/3,897,active
repository.duchennedatafoundation.org,Duchenne Data Repository,https://repository.duchennedatafoundation.org,ckan,Open data portal,federal,NL,Netherlands,Duchenne Data Foundation,Other,https://repository.duchennedatafoundation.org/api/3,26,active
data.dundeecity.gov.uk,Dundee City Council Open Data Portal,https://data.dundeecity.gov.uk,ckan,Open data portal,local,GB,United Kingdom,Dundee City Council,Local government,,0,active
ckan.dwr.go.th,DWR Data catalog (Thailand),http://ckan.dwr.go.th,ckan,Open data portal,federal,TH,Thailand,Department of Water Resources Ministry of Natural Resources and Environment (Thailand),Central government,http://ckan.dwr.go.th/api/3,42,active
opendata.eawag.ch,Eawag Open Data Portal,https://opendata.eawag.ch,ckan,Open data portal,federal,CH,Switzerland,Eawag - Swiss Federal Institute of Aquatic Science and Technology,Academy,https://opendata.eawag.ch/api/3,402,active
ecaidata.org,ECAI CKAN Portal,https://ecaidata.org,ckan,Open data portal,federal,US,United States,Electronic Cultural Archive Initiative,Academy,https://ecaidata.org/api/3,1209,active
data.ecosis.org,EcoSIS Spectral Library,https://data.ecosis.org,ckan,Open data portal,federal,US,United States,University of Wisconsin,Academy,https://data.ecosis.org/api/3,217,active
data.mdsc.hokudai.ac.jp,"Educational data provision system operated by the Center for Mathematics and Data Science, Hokkaido University",https://data.mdsc.hokudai.ac.jp,ckan,Open data portal,federal,JP,Japan,Hokkaido University,Academy,https://data.mdsc.hokudai.ac.jp/api/3,27,active
pref.ehime.jp,Ehime Prefecture Open Data Catalog,https://www.pref.ehime.jp,ckan,Open data portal,state,JP,Japan,Ehime Prefecture,Regional government,https://www.pref.ehime.jp/api/3/action/package_list,0,active
sbsopendata.ekitistate.gov.ng,Ekiti State Open Data Portal,http://sbsopendata.ekitistate.gov.ng,ckan,Open data portal,state,NG,Nigeria,Ekiti,Regional government,http://sbsopendata.ekitistate.gov.ng/api/3,37,active
opendata.ekostrateg.com,ekostrateg Open Data Portal,https://opendata.ekostrateg.com,ckan,Open data portal,federal,PL,Poland,ekostrateg,Business,https://opendata.ekostrateg.com/api/3,0,active
datosretc.mma.gob.cl,El Registro de Emisiones y Transferencias de Contaminantes (RETC),https://datosretc.mma.gob.cl,ckan,Open data portal,federal,CL,Chile,Ministerio del Medio Ambiente,Central government,https://datosretc.mma.gob.cl/api/3,17,active
indicadores.pr,El Sistema de Indicadores de Puerto Ric,https://indicadores.pr,ckan,Open data portal,state,US,United States,Instituto de Estadísticas de Puerto Rico,Regional government,,0,active
indicadores.estadisticas.pr,El Sistema de Indicadores de Puerto Rico (Indicadores.PR),https://indicadores.estadisticas.pr,ckan,Open data portal,federal,US,United States,Instituto de Estadísticas de Puerto Rico,Regional government,,0,active
opendata.etda.or.th,"Electronic Transactions Development Agency (ETDA), Thailand Open Data Portal",https://opendata.etda.or.th,ckan,Open data portal,federal,TH,Thailand,"Electronic Transactions Development Agency (ETDA), Thailand",Central government,https://opendata.etda.or.th/api/3,62,active
ckan.emac.gsfc.nasa.gov,EMAC Open-Source CKAN Data Repository,https://ckan.emac.gsfc.nasa.gov,ckan,Open data portal,federal,US,United States,GSFC Exoplanet Modeling and Analysis Center (EMAC),Academy,https://ckan.emac.gsfc.nasa.gov/api/3,34,active
energydata.uct.ac.za,Energy Research Data Portal - University of Cape Town,http://energydata.uct.ac.za,ckan,Open data portal,federal,ZA,South Africa,"Energy Research Centre, University of Cape Town",Academy,http://energydata.uct.ac.za/api/3,0,active
docs.entsoe.eu,ENTSO-E Docs,https://docs.entsoe.eu,ckan,Open data portal,federal,EU,European Union,ENTSO-E,Business,https://docs.entsoe.eu/api/3,0,active
envidat.ch,EnviDat,https://www.envidat.ch,ckan,Open data portal,federal,CH,Switzerland,EnviDat,Academy,https://www.envidat.ch/api/3,815,active
epos-msl.uu.nl,EPOS Multi-Scale Labs data catalogue,https://epos-msl.uu.nl,ckan,Open data portal,federal,NL,Netherlands,Utrecht University,Academy,https://epos-msl.uu.nl/api/3,0,active
op.espoch.edu.ec,Escuela Superior Politécnica de Chimborazo open data,http://op.espoch.edu.ec,ckan,Open data portal,state,EC,Ecuador,Escuela Superior Politécnica de Chimborazo,Academy,http://op.espoch.edu.ec/api/3,0,active
dados.es.gov.br,Espírito Santo Opendata,https://dados.es.gov.br,ckan,Open data portal,state,BR,Brazil,Government of Espírito Santo,Regional government,https://dados.es.gov.br/api/3,411,active
www2.imss.gob.mx,Estadísticas e Informes - IMSS,https://www2.imss.gob.mx,ckan,Open data portal,federal,MX,Mexico,Instituto Mexicano del Seguro Social (IMSS),Central government,,0,active
data.moa.gov.et,Ethiopian National Agri Data Hub,https://data.moa.gov.et,ckan,Open data portal,federal,ET,Ethiopia,FDRE Ministry of Agriculture (MoA),Central government,https://data.moa.gov.et/api/3,0,active
data.gov.et,Ethiopian Open Data Portal,https://data.gov.et,ckan,Open data portal,federal,ET,Ethiopia,Government of Ethiopia,Central government,,0,active
etnaopen.comune.catania.it,Etna Open - Comune di Catania Data Catalog,https://etnaopen.comune.catania.it,ckan,Open data portal,local,IT,Italy,Comune di Catania,Local government,https://etnaopen.comune.catania.it/api/3,0,active
data.edincubator.eu,European Data Incubator Data Catalog,https://data.edincubator.eu,ckan,Open data portal,federal,EU,European Union,European Data Incubator,Academy,https://data.edincubator.eu/api/3,0,active
europeandataportal.eu,European Data Portal,https://www.europeandataportal.eu/,ckan,Open data portal,,,,,,https://www.europeandataportal.eu/data/en/api,0,
catalog.excise.go.th,Excise Department Data Catalog,https://catalog.excise.go.th,ckan,Open data portal,federal,TH,Thailand,"Excise Department, Thailand",Central government,https://catalog.excise.go.th/api/3,0,active
ckan.acs.beniculturali.it,Extract from http://ckan.acs.beniculturali.it/,http://ckan.acs.beniculturali.it/,ckan,Open data portal,federal,IT,Italy,Government of Italy,Central government,http://ckan.acs.beniculturali.it/api/3,0,active
ckanprod-alma.ucar.edu,Extracted from https://ckanprod-alma.ucar.edu,https://ckanprod-alma.ucar.edu,ckan,Open data portal,federal,US,United States,University corporation for Atmospheric research,Academy,https://ckanprod-alma.ucar.edu/api/3,0,active
daten.buergernetz.bz.it,Extraction from http://daten.buergernetz.bz.it,http://daten.buergernetz.bz.it,ckan,Open data portal,local,IT,Italy,City South Tyrol,Local government,http://daten.buergernetz.bz.it/api/3,952,active
fair3r.fr,Fair3R,https://fair3r.fr/,ckan,Open data portal,federal,FR,France,GIS FC3R (France Center 3R),Research organisation,,0,active
dataportal.saeri.org,Falkland Islands Data Portal,http://dataportal.saeri.org,ckan,Open data portal,federal,GB,United Kingdom,IMS-GIS Data Centre,Academy,http://dataportal.saeri.org/api/3,985,active
clh-ckan.apps.fao.org,FAO CLH CKAN Data Catalog,https://clh-ckan.apps.fao.org,ckan,Open data portal,federal,IT,Italy,Food and Agriculture Organization of the United Nations (FAO),International,,0,active
data.apps.fao.org,FAO Data Catalogue,https://data.apps.fao.org/catalog,ckan,Open data portal,federal,World,World,Food and Agriculture Organization of the United Nations,International,https://data.apps.fao.org/catalog/api/3,11596,active
farmerone.in.th,Farmer ONE,https://farmerone.in.th,ckan,Open data portal,federal,TH,Thailand,National Electronics and Computer Technology Center,Central government,https://farmerone.in.th/api/3,0,active
fdlmes-ckan.getmap.gr,Fdlmes-ckan Geoportal - Unknown,https://fdlmes-ckan.getmap.gr,ckan,Open data portal,federal,GR,Greece,Getmap,Central government,,0,active
catalog.data.faa.gov,Federal Aviation Administration Open Data Portal,https://catalog.data.faa.gov,ckan,Open data portal,federal,US,United States,Federal Aviation Administration,Central government,https://catalog.data.faa.gov/api/3,6,active
fds-ckan.apps.digilab.network,Federatief Datastelsel Catalog,https://fds-ckan.apps.digilab.network/,ckan,Open data portal,federal,NL,Netherlands,Digilab,Central government,https://fds-ckan.apps.digilab.network/api/3,8,active
data.fid-move.de,FID move,https://data.fid-move.de,ckan,Open data portal,federal,DE,Germany,FID move (Fachinformationsdienst Mobilitäts- und Verkehrsforschung),Academy,https://data.fid-move.de/api/3,25,active
datasets.fieldsofview.in,Fields of View Data Repository,https://datasets.fieldsofview.in,ckan,Open data portal,federal,IN,India,Fields of View Society,Civil society,https://datasets.fieldsofview.in/api/3,0,active
data.fingrid.fi,Fingridin avoin data,https://data.fingrid.fi,ckan,Open data portal,federal,FI,Finland,Fingrid,Central government,,0,active
api.data.apps.fao.org,Food and Agriculture Organization of the United Nations (FAO) Open Data Portal,https://api.data.apps.fao.org,ckan,Open data portal,federal,World,World,Food and Agriculture Organization of the United Nations (FAO),International,,0,active
api.foodsecurityportal.org,Food Security Portal API,https://api.foodsecurityportal.org,ckan,Open data portal,federal,US,United States,"Not specified in search results; however, related food security data catalogs (e.g., FAO, USDA, World Bank) are managed by international and government organizations.",Civil society,https://api.foodsecurityportal.org/api/3,0,active
opendata.fortsmithar.gov,Fort Smith Open Data Catalog,http://opendata.fortsmithar.gov,ckan,Open data portal,local,US,United States,City of Fort Smith,Local government,,0,active
dados.fortaleza.ce.gov.br,Fortaleza Dados Abertos,https://dados.fortaleza.ce.gov.br,ckan,Open data portal,local,BR,Brazil,Fortaleza,Local government,https://dados.fortaleza.ce.gov.br/api/3,634,active
opendata.francedatareseau.fr,France Data Réseau,https://opendata.francedatareseau.fr/,ckan,Open data portal,federal,FR,France,France Data Réseau,Central government,,0,active
data.win-h.jp,Fukuyama City Open Data Catalog (data.win-h.jp),https://data.win-h.jp,ckan,Open data portal,local,JP,Japan,Fukuyama City,Local government,https://data.win-h.jp/api/3,38,active
data.city.fukuyama.hiroshima.jp,Fukuyama City Open Data Portal,https://data.city.fukuyama.hiroshima.jp,ckan,Open data portal,local,JP,Japan,Fukuyama City,Local government,https://data.city.fukuyama.hiroshima.jp/api/3,56,active
gagnagatt.reykjavik.is,Gagnagátt,https://gagnagatt.reykjavik.is,ckan,Open data portal,local,IS,Iceland,Reykjavíkurborg,Local government,https://gagnagatt.reykjavik.is/api/3,591,active
data.gayolueskab.go.id,Gayo Lues Regency Government Open Data Portal,https://data.gayolueskab.go.id,ckan,Open data portal,local,ID,Indonesia,Gayo Lues Regency Government,Local government,https://data.gayolueskab.go.id/api/3,229,active
acikveri.gaziantep.bel.tr,Gaziantep Metropolitan Municipality's Open Data Portal,https://acikveri.gaziantep.bel.tr,ckan,Open data portal,state,TR,Turkey,Gaziantep Metropolitan Municipality,Regional government,https://acikveri.gaziantep.bel.tr/api/3,0,active
ckan.smartenschede.nl,Gemeente Enschede Open Data Portal,http://ckan.smartenschede.nl,ckan,Open data portal,local,NL,Netherlands,Gemeente Enschede,Local government,http://ckan.smartenschede.nl/api/3,0,active
data.genderdatalab.org,Gender Data Lab Data Catalog,https://data.genderdatalab.org,ckan,Open data portal,state,ES,Spain,Gender Data Lab,Civil society,https://data.genderdatalab.org/api/3,12,active
genderopendata.org,Gender Open Data,https://genderopendata.org,ckan,Open data portal,federal,KE,Kenya,Center for Women Rights Advocacy (CWRA) and Tenery Research,Other,,0,active
dataportal.geofyn.dk,Geo Fyn,https://dataportal.geofyn.dk,ckan,Open data portal,local,DK,Denmark,Geo Fyn,Local government,https://dataportal.geofyn.dk/api/3,0,active
geo4.dev,Geo4Dev Data Catalog,https://geo4.dev,ckan,Open data portal,,World,World,Center for Effective Global Action (CEGA),Academy,https://geo4.dev/api/3,0,active
geocatalogus.nl,Geocatalogus Open Data Portal,https://geocatalogus.nl,ckan,Open data portal,federal,NL,Netherlands,Geocatalogus.nl,Business,https://geocatalogus.nl/api/3,16,active
data.beta.geodan.nl,Geodan Open Data Portal,https://data.beta.geodan.nl,ckan,Open data portal,federal,NL,Netherlands,Geodan,Business,https://data.beta.geodan.nl/api/3,146,active
geodata.gov.gr,Geodata.gov.gr Open Geospatial Data Portal,https://geodata.gov.gr,ckan,Open data portal,federal,GR,Greece,IMIS/Athena RC,Central government,https://geodata.gov.gr/api/3,0,active
data.geods.ac.uk,Geographic Data Service,https://data.geods.ac.uk,ckan,Open data portal,federal,GB,United Kingdom,Smart Data Research UK,Academy,https://data.geods.ac.uk/api/3,0,active
geoinfo.dados.embrapa.br,Geoinfo Embrapa,https://geoinfo.dados.embrapa.br/,ckan,Open data portal,federal,BR,Brazil,Empresa Brasileira de Pesquisa Agropecuária (Embrapa),Central government,,0,active
geokur-dmp.geo.tu-dresden.de,GeoKur,https://geokur-dmp.geo.tu-dresden.de,ckan,Open data portal,federal,DE,Germany,Technische Universität Dresden (TUD),Academy,https://geokur-dmp.geo.tu-dresden.de/api/3,63,active
ckan.geomaster.pt,GeoMaster CKAN,https://ckan.geomaster.pt,ckan,Open data portal,federal,PT,Portugal,GeoMaster,Other,https://ckan.geomaster.pt/api/3,10,active
kbs.geoproproject.eu,GEOPRO Knowledge-base,https://kbs.geoproproject.eu,ckan,Open data portal,federal,EU,European Union,GEOPRO PROJECT,Academy,https://kbs.geoproproject.eu/api/3,0,active
data.gss.stonybrook.edu,Geospatial Center Data Hub,https://data.gss.stonybrook.edu/,ckan,Open data portal,state,US,United States,Stony Brook University,Academy,https://data.gss.stonybrook.edu/api/3,62,active
data.hub.geosphere.at,GeoSphere Austria Data Hub,https://data.hub.geosphere.at,ckan,Open data portal,federal,AT,Austria,GeoSphere Austria,Academy,https://data.hub.geosphere.at/api/3,96,active
data.hub.zamg.ac.at,Geosphere Austria Open Data,https://data.hub.zamg.ac.at,ckan,Open data portal,federal,AT,Austria,"GeoSphere Austria – Bundesanstalt für Geologie, Geophysik, Klimatologie und Meteorologie",Academy,https://data.hub.zamg.ac.at/api/3,0,active
repo.dainst.org,German Archaeological Institute Open Data Portal,https://repo.dainst.org,ckan,Open data portal,federal,DE,Germany,German Archaeological Institute,Academy,https://repo.dainst.org/api/3,53,active
gerontomics.aging-research.group,Gerontomics,https://gerontomics.aging-research.group/,ckan,Open data portal,federal,RO,Romania,Institute of Biochemistry of the Romanian Academy,Academy,https://gerontomics.aging-research.group/api/3,0,active
bdp.dma.gifs.ca,GIFS BioData Portal,https://bdp.dma.gifs.ca/,ckan,Open data portal,state,CA,Canada,Global Institute for Food Security,Academy,,0,active
gifu-opendata.pref.gifu.lg.jp,Gifu prefecture open data,https://gifu-opendata.pref.gifu.lg.jp,ckan,Open data portal,state,JP,Japan,Gifu prefecture,Regional government,https://gifu-opendata.pref.gifu.lg.jp/api/3,1780,active
gimi9.com,Gimi Open Data Portal,https://gimi9.com/,ckan,Open data portal,international,World,World,Gimi,Business,https://gimi9.com/api/3,0,active
gipuzkoairekia.eus,Gipuzkoa Irekia,https://www.gipuzkoairekia.eus,ckan,Open data portal,,ES,,,,https://api.gipuzkoairekia.eus,0,
data.girleducation.in,Girl Education Finance Tracker Data,https://data.girleducation.in,ckan,Open data portal,federal,IN,India,Girl Education Finance Tracker,Civil society,https://data.girleducation.in/api/3,277,active
girona.cat,Girona Open Data,https://www.girona.cat/opendata/,ckan,Open data portal,local,ES,Spain,Ajuntament de Girona,Local government,https://www.girona.cat/opendata/api/3,53,active
gis-hub.ca,GIS Hub,https://gis-hub.ca,ckan,Open data portal,federal,CA,Canada,Government of Canada,Central government,https://gis-hub.ca/api/3,0,active
data.glasgow.gov.uk,Glasgow City Council — Open Data Platform,https://data.glasgow.gov.uk,ckan,Open data portal,local,GB,United Kingdom,City of Glasgow,Local government,,0,active
dev.ckan.res.gmri.io,GMRI RES CKAN (dev),https://dev.ckan.res.gmri.io,ckan,Open data portal,state,US,United States,Gulf of Maine Research Institute,Research institution,https://dev.ckan.res.gmri.io/api/3,0,active
opendata.gov.nt.ca,GNWT Open Data Portal,https://opendata.gov.nt.ca,ckan,Open data portal,state,CA,Canada,The Government of the Northwest Territories,Regional government,https://opendata.gov.nt.ca/api/3,341,active
datos.tandil.gov.ar,Gobierno Abierto Tandil,http://datos.tandil.gov.ar,ckan,Open data portal,local,AR,Argentina,Municipio de Tandil,Local government,,0,active
otwartedane.metropoliagzm.pl,Górnośląsko-Zagłębiowska Metropolia open data portal,https://otwartedane.metropoliagzm.pl,ckan,Open data portal,local,PL,Poland,Górnośląsko-Zagłębiowska Metropolia,Local government,https://otwartedane.metropoliagzm.pl/api/3,1084,active
gdcatalog.go.th,Government Accounting System  of Thailand,https://gdcatalog.go.th,ckan,Open data portal,federal,TH,Thailand,National Statistical Office Ministry of Digital Economy and Society,Central government,https://gdcatalog.go.th/api/3,0,active
govtech.in.th,Government Data and Technology Portal,https://govtech.in.th,ckan,Open data portal,federal,TH,Thailand,National Electronics and Computer Technology Center,Central government,https://govtech.in.th/api/3,378,active
prd.gdcatalog.go.th,"Government Data Catalog (GD Catalog), Thailand Open Data Portal",https://prd.gdcatalog.go.th,ckan,Open data portal,federal,TH,Thailand,"Government Data Catalog (GD Catalog), Thailand",Central government,https://prd.gdcatalog.go.th/api/3,0,active
demo.gdcatalog.go.th,"Government Data Catalog (GD Catalog), Thailand Open Data Portal",https://demo.gdcatalog.go.th,ckan,Open data portal,federal,TH,Thailand,"Government Data Catalog (GD Catalog), Thailand",Central government,https://demo.gdcatalog.go.th/api/3,61,active
open.alberta.ca,Government of Alberta open datasets,https://open.alberta.ca,ckan,Open data portal,state,CA,Canada,Government of Alberta,Regional government,https://open.alberta.ca/api/3,33091,active
opendata.gov.je,Government of Jersey Open Data,https://opendata.gov.je,ckan,Open data portal,federal,GB,United Kingdom,Government of Jersey,Regional government,,0,active
data.gov.so,Government of Somalia Open Data Portal,https://www.data.gov.so,ckan,Open data portal,federal,SO,Somalia,Government of Somalia,Central government,,0,active
data.gov.tt,Government of the Republic of Trinidad and Tobago Open Data Platform,https://data.gov.tt,ckan,Open data portal,federal,TT,Trinidad and Tobago,Government of the Republic of Trinidad and Tobago,Central government,https://data.gov.tt/api/3,0,active
opendata.gov.ua,Government of Ukraine Open Data Portal,https://opendata.gov.ua,ckan,Open data portal,federal,UA,Ukraine,Government of Ukraine,Central government,https://opendata.gov.ua/api/3,0,active
opendata.mlt.gov.ua,Government of Ukraine Open Data Portal,https://opendata.mlt.gov.ua,ckan,Open data portal,federal,UA,Ukraine,Ministry of Infrastructure of Ukraine,Central government,,0,active
52.35.87.14,Government of Unknown Open Data Portal,http://52.35.87.14/,ckan,Open data portal,international,World,World,Government of Unknown,Central government,http://52.35.87.14/api/3,0,active
beta.ckan.org,Government of Unknown Open Data Portal,https://beta.ckan.org,ckan,Open data portal,international,World,World,Government of Unknown,Central government,https://beta.ckan.org/api/3,3,active
ckan.iotlab.com,Government of Unknown Open Data Portal,https://ckan.iotlab.com,ckan,Open data portal,international,World,World,Government of Unknown,Central government,https://ckan.iotlab.com/api/3,162,active
governoaberto.sp.gov.br,Governo Aberto SP,https://www.governoaberto.sp.gov.br/,ckan,Open data portal,,BR,,,,https://dados.portoalegre.rs.gov.br/api/3,55,
data.grcity.us,Grand Rapids Open Data,https://data.grcity.us/,ckan,Open data portal,,US,,,,,0,
grandest-moissonnage.data4citizen.com,Grandest Moissonnage,https://grandest-moissonnage.data4citizen.com,ckan,Open data portal,state,FR,France,Région GRAND EST,Regional government,https://grandest-moissonnage.data4citizen.com/api/3,0,active
catalog.data.gov.gr,Greece Open Data Catalog,https://catalog.data.gov.gr,ckan,Open data portal,federal,GR,Greece,Central government,Central government,,0,active
repository.data.gov.gr,Greece Open Data Repository,https://repository.data.gov.gr,ckan,Open data portal,federal,GR,Greece,Greece Ministry of digital,Central government,https://repository.data.gov.gr/api/3,0,active
daten.greenpeace.de,Greenpeace Datenportal,https://daten.greenpeace.de,ckan,Open data portal,federal,DE,Germany,Greenpeace Germany,Other,https://daten.greenpeace.de/api/3,29,active
data.metropolegrenoble.fr,Grenoble-Alpes Métropole,https://data.metropolegrenoble.fr,ckan,Open data portal,federal,FR,France,Grenoble-Alpes Métropole,Local government,,0,active
inventory.data.gov,GSA Technology Transformation Services Open Data Portal,https://inventory.data.gov,ckan,Open data portal,federal,US,United States,GSA Technology Transformation Services,Central government,,0,active
geoscience.data.qld.gov.au,GSQ Open Data Portal,https://geoscience.data.qld.gov.au,ckan,Open data portal,state,AU,Australia,Geological Survey of Queensland,Regional government,,0,active
data.open.guelph.ca,Guelph Open Data Portal,https://data.open.guelph.ca,ckan,Open data portal,local,CA,Canada,City of Guelph,Local government,http://data.open.guelph.ca/api/3,0,active
data.h-mat.org,H-Mat Open Data Portal,https://data.h-mat.org,ckan,Open data portal,state,US,United States,H-Mat,Academy,https://data.h-mat.org/api/3,31,active
catalogue.hakai.org,Hakai Data Catalogue,https://catalogue.hakai.org,ckan,Open data portal,state,CA,Canada,Hakai Institute,Academy,https://catalogue.hakai.org/api/3,249,active
hardmin.heal-link.gr,HARDMIN-HELIX,https://hardmin.heal-link.gr,ckan,Open data portal,federal,GR,Greece,HEAL-Link,Academy,https://hardmin.heal-link.gr/api/3,31,active
harp.lg.jp,HARP Open Data Portal,https://www.harp.lg.jp,ckan,Open data portal,local,JP,Japan,Hyogo Advanced Research Platform,Local government,https://www.harp.lg.jp/api/3/action/package_list,0,active
data.haugiang.gov.vn,Hau Giang Province open data portal,https://data.haugiang.gov.vn,ckan,Open data portal,state,VN,Vietnam,Hau Giang Province,Regional government,https://data.haugiang.gov.vn/api/3,0,active
opendata.hawaii.gov,Hawaii Open Data,https://opendata.hawaii.gov,ckan,Open data portal,state,US,United States,Sate of Hawaii,Regional government,https://opendata.hawaii.gov/api/3,975,active
ckan-acc.healthdata.nl,Health Data Netherlands CKAN,https://ckan-acc.healthdata.nl,ckan,Open data portal,federal,NL,Netherlands,Health Data Netherlands,Other,https://ckan-acc.healthdata.nl/api/3,517,active
agrihub.gis.lrg.tum.de,HEF AgriHUB - Forschungsdaten Infrastruktur,https://agrihub.gis.lrg.tum.de,ckan,Open data portal,state,DE,Germany,"Technische Universität München (TUM), Lehrstuhl für Geoinformatik",Academy,https://agrihub.gis.lrg.tum.de/api/3,351,active
data.hellenicdataservice.gr,Hellenic Data Service,https://data.hellenicdataservice.gr,ckan,Open data portal,federal,GR,Greece,Hellenic Data Service,Academy,https://data.hellenicdataservice.gr/api/3,0,active
hri.fi,Helsinki Region Infoshare,https://hri.fi,ckan,Open data portal,local,FI,Finland,Helsinki Region,Local government,https://hri.fi/data/api/3,0,active
smartcity.heraklion.gr,Heraklion Smart City Open Data Portal,https://smartcity.heraklion.gr/opendata/,ckan,Open data portal,federal,GR,Greece,Municipality of Heraklion,Local government,https://smartcity.heraklion.gr/opendata/api/3,61,active
ckan.hidalgo-project.eu,HiDALGO CKAN,https://ckan.hidalgo-project.eu/,ckan,Open data portal,federal,EU,European Union,HiDALGO,Academy,https://ckan.hidalgo-project.eu/api/3,0,active
ckan.hidalgo2.eu,HiDALGO2 CKAN,https://ckan.hidalgo2.eu,ckan,Open data portal,federal,EU,European Union,HiDALGO2,Academy,https://ckan.hidalgo2.eu/api/3,24,active
opendata.town.aichi-higashiura.lg.jp,Higashiura Town Open Data Portal,https://opendata.town.aichi-higashiura.lg.jp,ckan,Open data portal,local,JP,Japan,Higashiura Town,Local government,https://opendata.town.aichi-higashiura.lg.jp/api/3,0,active
ckan.himdataportal.com,Himachal Pradesh data catalog,https://ckan.himdataportal.com/,ckan,Open data portal,local,IN,India,Himachal Pradesh data catalog,Local government,https://ckan.himdataportal.com/api/3,0,active
city.himeji.gkan.jp,Himeji City and Harima area cooperation centeral cities area Open Data Catalog,https://city.himeji.gkan.jp,ckan,Open data portal,local,JP,Japan,Himeji City,Local government,https://city.himeji.gkan.jp/api/3/action/package_list,0,active
ckan.hoda.jp,Hokkaido Open Data Association open data portal,https://ckan.hoda.jp,ckan,Open data portal,state,JP,Japan,Hokkaido Open Data Association,Civil society,,0,active
data.g0vhk.io,Hong Kong Civic Data Portal,https://data.g0vhk.io,ckan,Open data portal,,HK,,,,https://data.g0vhk.io/api/,0,
data.gov.hk,Hong Kong Open Data Portal,https://data.gov.hk/en-data/,ckan,Open data portal,federal,HK,Hong Kong,"Office of the Government Chief Information Officer, Hong Kong",Central government,https://data.gov.hk/en-data/api/3,131,active
data.hkppdb.org,Hong Kong Public Policy Database,https://data.hkppdb.org,ckan,Open data portal,federal,HK,Hong Kong,Civil Society - Annual Report,Civil society,https://data.hkppdb.org/api/3,1202,active
data.hounslow.gov.uk,Hounslow Council Open Data - Open Data Portal,https://data.hounslow.gov.uk,ckan,Open data portal,federal,GB,United Kingdom,London Borough of Hounslow,Local government,https://data.hounslow.gov.uk/api/3,0,active
data.houstontx.gov,Houston - Texas Open Data Portal,https://data.houstontx.gov,ckan,Open data portal,local,US,United States,City of Houston,Local government,https://data.houstontx/gpv/api/3,0,active
ckan.mmhk.cz,Hradec Kralove open data,https://ckan.mmhk.cz,ckan,Open data portal,state,CZ,Czech Republic,Hradec Králové Region,Regional government,https://ckan.mmhk.cz/api/3,0,active
opendata.hsri.or.th,HSRI Open Data,https://opendata.hsri.or.th,ckan,Open data portal,federal,TH,Thailand,"Health Systems Research Institute (HSRI), Thailand",Central government,https://opendata.hsri.or.th/api/3,33,active
opendata.hullcc.gov.uk,Hull City Council Open Data,https://opendata.hullcc.gov.uk,ckan,Open data portal,federal,GB,United Kingdom,Hull City Council,Local government,https://opendata.hullcc.gov.uk/api/3,0,active
data.humdata.org,Humanitarian Data Exchange (HDX),https://data.humdata.org,ckan,Open data portal,federal,World,World,Humanitarian Data Exchange,International,https://data.humdata.org/api/3,27290,active
opendata.hu,Hungarian Open Data Catalog,https://opendata.hu,ckan,Open data portal,federal,HU,Hungary,K-Monitor,Civil society,https://opendata.hu/api/3,71,active
dataset.lumbung.hutanharapan.id,Hutan Harapan Lumbung Data,https://dataset.lumbung.hutanharapan.id,ckan,Open data portal,federal,ID,Indonesia,Hutan Harapan (PT Restorasi Ekosistem Indonesia),Non-profit,https://dataset.lumbung.hutanharapan.id/api/3,0,active
data.iaea.org,IAEA Data Platform,https://data.iaea.org/,ckan,Open data portal,international,World,World,International Atomic Energy Agency,International,https://data.iaea.org/api/3,36,active
iatiregistry.org,IATI Registry,https://iatiregistry.org,ckan,Open data portal,federal,World,World,Development Initiatives Ltd.,International,https://iatiregistry.org/api/3,13442,active
opendata.city.ibaraki.osaka.jp,Ibaraki City Open Data Catalog,https://opendata.city.ibaraki.osaka.jp,ckan,Open data portal,local,JP,Japan,"Ibaraki City, Osaka Prefecture",Local government,https://opendata.city.ibaraki.osaka.jp/api/3,0,active
data.ibb.gov.tr,IBB Open Data Portal,https://data.ibb.gov.tr,ckan,Open data portal,local,TR,Turkey,Istanbul Metropolitan Municipality,Local government,https://data.ibb.gov.tr/api/3,536,active
opendata.idegrancanaria.es,IDE Gran Canaria Open Data,https://opendata.idegrancanaria.es,ckan,Open data portal,federal,ES,Spain,Cabildo de Gran Canaria,Regional government,https://opendata.idegrancanaria.es/api/3,12,active
ider-catalogo.sdp.gov.co,IDER Catalogo SDP Bogota,https://ider-catalogo.sdp.gov.co,ckan,Open data portal,local,CO,Colombia,Secretaria Distrital de Planeacion,Local government,https://ider-catalogo.sdp.gov.co/api/3,0,active
dados.ifap.edu.br,IFAP - Dados Abertos,https://dados.ifap.edu.br,ckan,Open data portal,federal,BR,Brazil,Instituto Federal do Amapa (IFAP),Academy,https://dados.ifap.edu.br/api/3,0,active
dados.ifms.edu.br,IFMS - Instituto Federal de Mato Grosso do Sul - Dados Abertos,https://dados.ifms.edu.br,ckan,Open data portal,federal,BR,Brazil,IFMS - Instituto Federal de Mato Grosso do Sul,Academy,http://dados.ifms.edu.br/api/3,27,active
dataportal.igf.edu.pl,IG PAS Data Portal,https://dataportal.igf.edu.pl,ckan,Open data portal,federal,PL,Poland,Institute of Geophysics Polish Academy of Sciences,Academy,https://dataportal.igf.edu.pl/api/3,126,active
portal.igg.ac.mn,IGG Knowledge Portal - Data Catalog,https://portal.igg.ac.mn,ckan,Open data portal,federal,MN,Mongolia,Institute of Geography,Academy,http://portal.igg.ac.mn/api/3,1043,active
data.iita.org,IITA Datasets,https://data.iita.org,ckan,Open data portal,federal,World,World,The International Institute of Tropical Agriculture (IITA),Academy,,0,active
data.city.ikoma.lg.jp,Ikoma City Open Data Portal,https://data.city.ikoma.lg.jp,ckan,Open data portal,local,JP,Japan,Ikoma City Government,Local government,https://data.city.ikoma.lg.jp/api/3/action/package_list,0,active
data.ille-et-vilaine.fr,Ille-et-Vilaine,https://data.ille-et-vilaine.fr,ckan,Open data portal,local,FR,France,Ille-et-Vilaine,Local government,,0,active
data.illinois.gov,Illinois Open Data,https://data.illinois.gov,ckan,Open data portal,state,US,United States,State of Illinois,Regional government,,0,active
data.ilri.org,ILRI Data Catalog,https://data.ilri.org,ckan,Open data portal,federal,World,World,International Livestock Research Institute (ILRI),International,,0,active
ckan.indiadataportal.com,India Data Portal,https://ckan.indiadataportal.com/,ckan,Open data portal,federal,IN,India,India Data Portal (administered by Government),Central government,https://ckan.indiadataportal.com/api/3,94,active
hub.mph.in.gov,Indiana Data Hub,https://hub.mph.in.gov,ckan,Open data portal,state,US,United States,State of Indiana,Regional government,https://hub.mph.in.gov/api/3,66,active
indicepa.gov.it,Indice dei domicili digitali della pubblica amministrazione e dei Gestori del pubblici servizi,https://indicepa.gov.it/ipa-dati,ckan,Open data portal,federal,IT,Italy,Agenzia per l Itale Digitale,Central government,https://indicepa.gov.it/ipa-dati/api/3,27,active
data.ieat.go.th,Industrial Estate Authority of Thailand (IEAT) Data Catalog,http://data.ieat.go.th,ckan,Open data portal,federal,TH,Thailand,Industrial state authority (Thailand),Central government,http://data.ieat.go.th/api/3,0,active
data.gov.tn,Industrie Open Data,https://data.gov.tn,ckan,Open data portal,federal,TN,Tunis,Presidency of Government - Electronic Administration Unit,Central government,https://catalog.data.gov.tn/api/3,0,active
catalog.industrie.gov.tn,Industrie Open Data,https://catalog.industrie.gov.tn,ckan,Open data portal,federal,TN,Tunis,"Ministère de l'Industrie, de l'Energie et des Mines",Central government,http://catalog.industrie.gov.tn/api/3,0,active
rdm.inesctec.pt,INESC TEC research data repository,https://rdm.inesctec.pt,ckan,Open data portal,federal,PT,Portugal,INESC TEC,Academy,https://rdm.inesctec.pt/api/3,165,active
inforepositorio.se.df.gov.br,Info Repositorio SEEDF,https://inforepositorio.se.df.gov.br,ckan,Open data portal,state,BR,Brazil,Secretaria de Estado de Educacao do Distrito Federal (SEEDF),Regional government,https://inforepositorio.se.df.gov.br/api/3,27,active
catalog.qsds.go.th,Information accounting system of the Mulberry Department,https://catalog.qsds.go.th,ckan,Open data portal,federal,TH,Thailand,Department of Mulberry Silk  (Thailand),Central government,https://catalog.qsds.go.th/api/3,0,active
data.agriculturelittorale.fr,Information not directly available in source or search results. Open data portal,https://data.agriculturelittorale.fr,ckan,Open data portal,federal,FR,France,Information not directly available in source or search results.,Academy,http://data.agriculturelittorale.fr/api/3,2797,active
opendata.worcesterma.gov,Informing Worcester,https://opendata.worcesterma.gov,ckan,Open data portal,local,US,United States,City of Worcester,Local government,,0,active
data.ingv.it,INGV Open Data Portal,https://data.ingv.it/,ckan,Open data portal,federal,IT,Italy,Istituto Nazionale di Geofisica e Vulcanologia,Academy,,0,active
ckan.mots.go.th,inistry of Tourism and Sports data catalog (Thailand),https://ckan.mots.go.th,ckan,Open data portal,federal,TH,Thailand,Ministry of Tourism and Sports (Thailand),Central government,https://ckan.mots.go.th/api/3,0,active
inondations-dakar.org,Inondations Dakar Open Data Portal,https://inondations-dakar.org,ckan,Open data portal,federal,SN,Senegal,PROGEP (Stormwater Management and Climate Change Adaptation Project),International,https://inondations-dakar.org/api/3,0,active
insitu-datahub.draxis.gr,Insitu-datahub Geoportal,http://insitu-datahub.draxis.gr,ckan,Open data portal,federal,GR,Greece,DRAXIS,Academy,http://insitu-datahub.draxis.gr/api/3,0,active
datos.estadisticas.pr,Instituto de Estadísticas de Puerto Rico Open Data Portal,https://datos.estadisticas.pr,ckan,Open data portal,state,US,United States,Instituto de Estadísticas de Puerto Rico,Regional government,,0,active
data.tulsipurmun.gov.np,Integrated Data Management System (IDMS) of Tulsipur Sub-Metropolitan City,https://data.tulsipurmun.gov.np,ckan,Open data portal,local,NP,Nepal,Tulsipur Sub-Metropolitan City,Local government,,0,active
data.birgunjmun.gov.np,Integrated Data Management System of Birgunj Metropolitan City,https://data.birgunjmun.gov.np,ckan,Open data portal,local,NP,Nepal,Birgunj Metropolitan City,Local government,,0,active
data.lekbeshimun.gov.np,Integrated Data Management System of Lekbeshi Municipality,https://data.lekbeshimun.gov.np,ckan,Open data portal,local,NP,Nepal,Lekbeshi Municipality,Local government,,0,active
data.npafc.org,Internationa year of Salmon Data catalogue,https://data.npafc.org,ckan,Open data portal,federal,CA,Canada,Internationa year of Salmon,Academy,https://data.npafc.org/api/3,86,active
dataportal.eu-interact.org,International Network for Terrestrial Research and Monitoring in the Arctic Data Portal,https://dataportal.eu-interact.org,ckan,Open data portal,federal,EU,European Union,Lund University,Academy,https://dataportal.eu-interact.org/api/3,2131,active
ri.internetofus.eu,Internetofus Open Data Portal,https://ri.internetofus.eu,ckan,Open data portal,federal,EU,European Union,Internetofus,Business,https://ri.internetofus.eu/api/3,0,active
bridge.inu.ac.kr,INU Bigdata Bridge Portal,https://bridge.inu.ac.kr,ckan,Open data portal,federal,KR,South Korea,Incheon National University,Academy,https://bridge.inu.ac.kr/api/3,9,active
data.ioos.us,IOOS Catalog,https://data.ioos.us,ckan,Open data portal,federal,US,United States,U.S. Integrated Ocean Observing System Program,Academy,https://data.ioos.us/api/3,53098,active
indicadores.cdmx.gob.mx,IPDP CDMX,https://indicadores.cdmx.gob.mx,ckan,Open data portal,state,MX,Mexico,Gobierno de la Ciudad de Mexico,Academy,https://indicadores.cdmx.gob.mx/api/3,0,active
data.ehealthireland.ie,Ireland Health Open Data,https://data.ehealthireland.ie,ckan,Open data portal,federal,IE,Ireland,eHealth Ireland,Central government,,0,active
data.gov.ie,Ireland Open Data Portal,https://data.gov.ie,ckan,Open data portal,federal,IE,Ireland,Government of Ireland,Central government,https://data.gov.ie/api/3,21856,active
datacatalogue.gov.ie,Irish Public Service Data Catalogue,https://datacatalogue.gov.ie,ckan,Open data portal,federal,IE,Ireland,Government of Ireland,Central government,https://datacatalogue.gov.ie/api/3,1468,active
ckan.issi.gov.cz,ISSI – Informační systém o území,https://ckan.issi.gov.cz,ckan,Open data portal,federal,CZ,Czech Republic,Ministerstvo vnitra (Ministry of the Interior),Central government,https://ckan.issi.gov.cz/api/3,9,active
data.inhilkab.go.id,ISTAKA - Inhil Satu Data Medeka,https://data.inhilkab.go.id,ckan,Open data portal,federal,ID,Indonesia,Kabupaten Indragiri Hilir,Regional government,https://data.inhilkab.go.id/api/3,832,active
acikveri.bizizmir.com,İzmir Büyükşehir Belediyesi Açık Veri Portalı,https://acikveri.bizizmir.com,ckan,Open data portal,local,TR,Turkey,Izmir Metropolitan Municipality ,Local government,https://acikveri.bizizmir.com/api/3,248,active
data.e-gov.go.jp,Japan e-gov data portal,https://data.e-gov.go.jp/data,ckan,Open data portal,federal,JP,Japan,Japan Digital Agency,Central government,https://data.e-gov.go.jp/data/api/3,18768,active
geospatial.jp,Japan Geospatial Information Center,https://www.geospatial.jp/ckan,ckan,Open data portal,federal,JP,Japan,General Incorporated Association Social Infrastructure Information Promotion Council,Business,https://www.geospatial.jp/ckan/api/3,15219,active
data.jatengprov.go.id,Jawa Tengah Open data,https://data.jatengprov.go.id,ckan,Open data portal,state,ID,Indonesia,Pemerintah Provinsi Jawa Tengah,Regional government,https://data.jatengprov.go.id/api/3,207617,active
datacity.jerusalem.muni.il,Jerusalem Open Data Portal,https://datacity.jerusalem.muni.il,ckan,Open data portal,local,IL,Israel,City of Jerusalem,Local government,,0,active
ckan.odp.jig.jp,Jig group open data platform,https://ckan.odp.jig.jp,ckan,Open data portal,federal,JP,Japan,Jig group,Business,https://ckan.odp.jig.jp/api/3,720,active
joinup.ec.europa.eu,Joinup,https://joinup.ec.europa.eu,ckan,Open data portal,federal,EU,European Union,European Union,International,,0,active
justicehub.in,Justice Hub Legal & Justice Data,https://justicehub.in,ckan,Open data portal,federal,IN,India,Civic Data Lab,Civil society,https://justicehub.in/api/3,201,active
acikveri.kadikoy.bel.tr,Kadikoy municipality open data portal,https://acikveri.kadikoy.bel.tr,ckan,Open data portal,local,TR,Turkey,Kadikoy municipality,Local government,https://acikveri.kadikoy.bel.tr/api/3,156,active
opendata-catalogue.city.kaga.ishikawa.jp,Kaga Open Data catalog,https://opendata-catalogue.city.kaga.ishikawa.jp,ckan,Open data portal,local,JP,Japan,"Kaga City, Ishikawa Prefecture",Local government,https://opendata-catalogue.city.kaga.ishikawa.jp/api/3/action/package_list,0,active
city.kakegawa.shizuoka.jp,Kakegawa City Open Data Portal,https://www.city.kakegawa.shizuoka.jp,ckan,Open data portal,local,JP,Japan,City of Kakegawa,Local government,https://www.city.kakegawa.shizuoka.jp/api/3/action/package_list,0,active
opendata-api-kakogawa.jp,Kakogawa City Open Data,https://opendata-api-kakogawa.jp/odp/,ckan,Open data portal,local,JP,Japan,Kakogawa City,Local government,https://opendata-api-kakogawa.jp/odp/api/3/action/package_list,0,active
data.kalamazoocity.org,Kalamazoo Open Data,https://data.kalamazoocity.org,ckan,Open data portal,local,US,United States,City of Kalamazoo,Local government,http://data.kalamazoocity.org/api/3,2,active
catalog.opendata.pref.kanagawa.jp,Kanagawa Prefecture Open Data Catalog,https://catalog.opendata.pref.kanagawa.jp,ckan,Open data portal,state,JP,Japan,Kanagawa Prefectural Government,Regional government,https://catalog.opendata.pref.kanagawa.jp/api/3,782,active
catalog-data.city.kanazawa.ishikawa.jp,Kanazawa City Open Data Portal,https://catalog-data.city.kanazawa.ishikawa.jp,ckan,Open data portal,local,JP,Japan,Kanazawa City,Local government,https://catalog-data.city.kanazawa.ishikawa.jp/api/3,352,active
data.kcg.gov.tw,Kaohsiung City Government Open Data,https://data.kcg.gov.tw,ckan,Open data portal,state,TW,Taiwan,Kaohsiung City Government,Regional government,https://data.kcg.gov.tw/api/3,0,active
opendata.mzcr.cz,Katalog otevřených dat Ministerstvo zdravotnictví České republiky,https://opendata.mzcr.cz,ckan,Open data portal,federal,CZ,Czech Republic,Ministerstvo zdravotnictví České republiky,Central government,,0,active
katalogdata.cilegon.go.id,Katalogdata Cilegon,https://katalogdata.cilegon.go.id/,ckan,Open data portal,local,ID,Indonesia,Pemerintah Kota Cilegon,Local government,https://katalogdata.cilegon.go.id/api/3,655,active
catalog.dzm.gis.lrg.tum.de,Katalogplattform des Digitalen Zwillings München,https://catalog.dzm.gis.lrg.tum.de,ckan,Open data portal,state,DE,Germany,"Technische Universität München (TUM), Lehrstuhl für Geoinformatik",Academy,https://catalog.dzm.gis.lrg.tum.de/api/3,17,active
opendata.city.kazuno.akita.jp,Kazuno Open Data portal,https://opendata.city.kazuno.akita.jp,ckan,Open data portal,local,JP,Japan,Kazuno City,Local government,https://opendata.city.kazuno.akita.jp/api/3/action/package_list,0,active
odr.bayesiandev.in,Kerala Online Data Repository,https://odr.bayesiandev.in,ckan,Open data portal,state,IN,India,"Department of Economics and Statistics, Govt. of Kerala",Regional government,https://odr.bayesiandev.in/api/3,0,active
opendata.kp.gov.pk,Khyber Pakhtunkhwa Open Data Portal!,https://opendata.kp.gov.pk,ckan,Open data portal,state,PK,Pakistan,Government of Khyber Pakhtunkhwa,Regional government,https://opendata.kp.gov.pk/api/3,0,active
data.kildarecoco.ie,Kildare County Council Open Data,https://data.kildarecoco.ie,ckan,Open data portal,local,IE,Ireland,Kildare County Council,Local government,,0,active
data.kimetrica.com,Kimetrica Data Catalog,https://data.kimetrica.com,ckan,Open data portal,international,World,World,Kimetrica,Business,https://data.kimetrica.com/api/3,0,active
data.kdl.kcl.ac.uk,King's Digital Lab - Data Catalogue,https://data.kdl.kcl.ac.uk,ckan,Open data portal,state,GB,United Kingdom,King's College London,Academy,https://data.kdl.kcl.ac.uk/api/3,0,active
opendata.city.kitamoto.saitama.jp,Kitamoto Open Data,https://opendata.city.kitamoto.saitama.jp,ckan,Open data portal,local,JP,Japan,Kitamoto City,Local government,https://opendata.city.kitamoto.saitama.jp/api/3,0,active
data.klldev.org,Klldev Open Data Portal,http://data.klldev.org/,ckan,Open data portal,federal,World,World,Klldev,Central government,,0,inactive
opendata.kmitl.ac.th,KMITL Open Data Portal,https://opendata.kmitl.ac.th,ckan,Open data portal,federal,TH,Thailand,King Mongkut's Institute of Technology Ladkrabang,Academy,https://opendata.kmitl.ac.th/api/3,0,active
dataplatform.knmi.nl,KNMI Data Platform,https://dataplatform.knmi.nl,ckan,Open data portal,federal,NL,Netherlands,The Royal Netherlands Meteorological Institute (KNMI),Central government,https://dataplatform.knmi.nl/api/3,431,active
data.taybac.vnu.edu.vn,Knowledge database and students in the Northwest Area (Vietnam),https://data.taybac.vnu.edu.vn,ckan,Open data portal,federal,VN,Vietnam,Virtnam national universitys,Academy,https://data.taybac.vnu.edu.vn/api/3,0,active
catalog.city.kobe.lg.jp,Kobe City Open Data Catalog,https://catalog.city.kobe.lg.jp,ckan,Open data portal,local,JP,Japan,City of Kobe,Local government,https://catalog.city.kobe.lg.jp/api/3,143,active
data.city.kobe.lg.jp,Kobe City Open Data Portal,https://data.city.kobe.lg.jp,ckan,Open data portal,local,JP,Japan,City of Kobe,Local government,,0,active
veri.kocaeli.bel.tr,Kocaeli AÇIK VERİ portalı,https://veri.kocaeli.bel.tr,ckan,Open data portal,state,TR,Turkey,Kocaeli province,Regional government,https://veri.kocaeli.bel.tr/api/3,0,active
kmi-ckan.pref.kochi.lg.jp,Kochi Open Data,https://kmi-ckan.pref.kochi.lg.jp,ckan,Open data portal,state,JP,Japan,Kochi Prefecture,Regional government,https://kmi-ckan.pref.kochi.lg.jp/api/3,0,active
datakonut.geoportal.co.id,Konut Geoportal Data,https://datakonut.geoportal.co.id,ckan,Open data portal,local,ID,Indonesia,Local Government of spatial,Local government,https://datakonut.geoportal.co.id/api/3,0,active
acikveri.konya.bel.tr,Konya Metropolitan Municipality open data portal,https://acikveri.konya.bel.tr,ckan,Open data portal,state,TR,Turkey,Konya Metropolitan Municipality,Regional government,https://acikveri.konya.bel.tr/api/3,0,active
data.nsdi.go.kr,Korea National Spatial Data Infrastructure Portal,http://data.nsdi.go.kr,ckan,Open data portal,federal,KR,South Korea,Korea Land and Geospatial Information Corporation/,Central government,http://data.nsdi.go.kr/api/3,0,active
data.pekalongankota.go.id,Kota Pekalongan Open Data Portal,https://data.pekalongankota.go.id,ckan,Open data portal,local,ID,Indonesia,Kota Pekalongan,Local government,http://data.pekalongankota.go.id/api/3,2491,active
ckan.kupferdigital.org,KupferDigital,https://ckan.kupferdigital.org,ckan,Open data portal,federal,DE,Germany,KupferDigital Consortium,Academy,https://ckan.kupferdigital.org/api/3,186,active
data.gov.kg,Kyrgyz Republic open data portal,https://data.gov.kg,ckan,Open data portal,federal,KG,Kyrgyzstan,Government of Kyrgyzstan,Central government,https://data.gov.kg/api/3,1383,active
ladamas.laimburg.it,Laimburg Data Catalog,https://ladamas.laimburg.it/,ckan,Open data portal,state,IT,Italy,Laimburg Research Institute,Academy,https://ladamas.laimburg.it/api/3,5,active
open.nrw,Landesregierung Nordrhein-Westfalen Open Data Portal,https://open.nrw,ckan,Open data portal,state,DE,Germany,Landesregierung Nordrhein-Westfalen,Regional government,https://open.nrw/api/3,11121,active
data.gov.lv,Latvijas Atvērto datu portāls,https://data.gov.lv,ckan,Open data portal,federal,LV,Latvia,Ministry of Environmental Protection and Regional Development of Latvia,Central government,https://data.gov.lv/api/3,1458,active
lowcarboncontracts.uk,LCCC Data Portal,https://www.lowcarboncontracts.uk/data-portal,ckan,Open data portal,federal,GB,United Kingdom,Low Carbon Contracts Company,Central government,https://www.lowcarboncontracts.uk/data-portal/api/3,36,active
opendata.led.go.th,LED Open Data,https://opendata.led.go.th/,ckan,Open data portal,federal,TH,Thailand,"Legal Execution Department (LED), Thailand",Central government,https://opendata.led.go.th/api/3,36,active
datos.legislatura.gob.ar,Legislatura Ciudad Autónoma de Buenos Aires - Portal de Datos Abiertos,http://datos.legislatura.gob.ar,ckan,Open data portal,federal,AR,Argentina,Legislatura Ciudad Autónoma de Buenos Aires,Local government,,0,active
data.uni-hannover.de,Leibniz University Hannover Data Catalog,https://data.uni-hannover.de,ckan,Open data portal,federal,DE,Germany,University of Hannover,Academy,https://data.uni-hannover.de/api/3,431,active
data.lightmat.org,LIGHTMAT Data Catalog,https://data.lightmat.org,ckan,Open data portal,international,World,World,Lightmat,Academy,https://data.lightmat.org/api/3,173,active
nativehawaiiandataportal.com,Liliʻuokalani Trust Open Data Portal,https://nativehawaiiandataportal.com,ckan,Open data portal,federal,US,United States,Liliʻuokalani Trust,Civil society,,0,active
lincolnshire.ckan.io,Lincolnshire Open Data,https://lincolnshire.ckan.io,ckan,Open data portal,federal,GB,United Kingdom,Lincolnshire County Council,Local government,https://lincolnshire.ckan.io/api/3,0,active
lincolnshire.gov.uk,Lincolnshire Open Data,https://www.lincolnshire.gov.uk/opendata,ckan,Open data portal,,United Kingdom,,,,https://lincolnshire.ckan.io/api/3,0,
d4c.agglo-larochelle.fr,Local Government of Agglo Larochelle Open data portal,https://d4c.agglo-larochelle.fr,ckan,Open data portal,federal,FR,France,Local Government of Agglo Larochelle,Local government,https://d4c.agglo-larochelle.fr/api/3,282,active
espunyola.cat,Local Government of Espunyola Open Data Portal,https://www.espunyola.cat,ckan,Open data portal,local,ES,Spain,Local Government of Espunyola,Local government,,0,active
garges3-backoffice.data4citizen.com,Local Government of local government Open data portal,https://garges3-backoffice.data4citizen.com,ckan,Open data portal,federal,FR,France,Local Government of local government,Local government,https://garges3-backoffice.data4citizen.com/api/3,0,active
data.gresikkab.go.id,Local Government of open data Open Data,https://data.gresikkab.go.id,ckan,Open data portal,local,ID,Indonesia,Local Government of open data,Local government,https://data.gresikkab.go.id/api/3,0,active
opendata.lisra.jp,Location Information Service Research Agency Open Data Portal,https://opendata.lisra.jp,ckan,Open data portal,federal,JP,Japan,Location Information Service Research Agency,Academy,http://opendata.lisra.jp/api/3,0,active
data.london.gov.uk,London Datastore – Greater London Authority,https://data.london.gov.uk,ckan,Open data portal,local,GB,United Kingdom,City of London,Local government,,0,active
data.longan.gov.vn,Long An Province open data portal,https://data.longan.gov.vn,ckan,Open data portal,state,VN,Vietnam,Long An Province,Regional government,http://data.longan.gov.vn/api/3,0,active
macan.lumbung.hutanharapan.id,Macan Lumbung Hutan Harapan,https://macan.lumbung.hutanharapan.id,ckan,Open data portal,federal,ID,Indonesia,Hutan Harapan (PT Restorasi Ekosistem Indonesia),Non-profit,https://macan.lumbung.hutanharapan.id/api/3,0,active
opendata.city.machida.tokyo.jp,Machida Open Data portal,https://opendata.city.machida.tokyo.jp,ckan,Open data portal,local,JP,Japan,Machida City,Local government,https://opendata.city.machida.tokyo.jp/api/3,141,active
ckan.madiphs.org,MaDiPHS Knowledge Library,https://ckan.madiphs.org/,ckan,Open data portal,federal,MW,Malawi,Malawi Digital Plant Health Service (MaDiPHS),Central government,https://ckan.madiphs.org/api/3,190,active
iranopendata.org,Making Iranian Data Publicly Available,https://iranopendata.org,ckan,Open data portal,federal,IR,Iran,Iran Open Data,Civil society,,0,active
ckan-malmo.dataplatform.se,Malmö Data Catalog,https://ckan-malmo.dataplatform.se,ckan,Open data portal,federal,SE,Sweden,City of Malmö,Local government,https://ckan-malmo.dataplatform.se/api/3,164,active
satudataindonesia.malukuprov.go.id,Maluku Province One Data Portal,https://satudataindonesia.malukuprov.go.id,ckan,Open data portal,federal,ID,Indonesia,Maluku Province Government,Regional government,https://satudataindonesia.malukuprov.go.id/api/3,0,active
datastore.landcareresearch.co.nz,Manaaki Whenua - Landcare Research DataStore,https://datastore.landcareresearch.co.nz,ckan,Open data portal,federal,NZ,New Zealand,Landcare Research,Academy,https://datastore.landcareresearch.co.nz/api/3,549,active
maps.mapaction.org,MapAction Maps and data,https://maps.mapaction.org,ckan,Open data portal,federal,GB,United Kingdom,MapAction,Civil society,,0,active
ckanmtp.ymparisto.fi,Marine Data Portal,https://ckanmtp.ymparisto.fi,ckan,Open data portal,federal,FI,Finland,Finnish Environment Institute,Academy,https://ckanmtp.ymparisto.fi/api/3,0,active
data.ocean.gov.za,Marine Information Management System (MIMS),https://data.ocean.gov.za,ckan,Open data portal,federal,ZA,South Africa,Southern African Data Centre for Oceanography (SADCO).,Central government,https://data.ocean.gov.za/api/3,0,active
ckan.citydata.pl,Master Telecom citydata project,http://ckan.citydata.pl,ckan,Open data portal,federal,PL,Poland,Master telecom,Business,http://ckan.citydata.pl/api/3,7,active
datarepo.mathso.sze.hu,MATHSO SZE Data Repository,https://datarepo.mathso.sze.hu,ckan,Open data portal,federal,HU,Hungary,University of Pannonia (SZE),Academy,https://datarepo.mathso.sze.hu/api/3,39,active
medata.gov.co,Medata - Alcaldía de Medellín,https://medata.gov.co,ckan,Open data portal,local,CO,Colombia,Alcaldía de Medellín,Local government,,0,active
opendata.mkdc.vn,Mekong Delta Data Center Open Data,https://opendata.mkdc.vn,ckan,Open data portal,federal,VN,Vietnam,Mekong Delta Data Center,Central government,https://opendata.mkdc.vn/api/3,285,active
cloud150.ncg.ingrid.pt,MELOA (Multi-purpose/Multi-sensor Extra Light Oceanography Apparatus),http://cloud150.ncg.ingrid.pt,ckan,Open data portal,federal,PT,Portugal,Instrumentation and Experimental Particle Physics Laboratory,Academy,http://cloud150.ncg.ingrid.pt/api/3,0,active
catalogue.ec-meloa.eu,MELOA Catalogue,https://catalogue.ec-meloa.eu,ckan,Open data portal,federal,EU,European Union,MELOA consortium,Academy,,0,active
datosabiertos.hcdmza.gob.ar,Mendoza Open Data,http://datosabiertos.hcdmza.gob.ar,ckan,Open data portal,local,AR,Argentina,Municipalidad de Mendoza (Mendoza City Government),Local government,http://datosabiertos.hcdmza.gob.ar/api/3,0,active
portal.merit.mn,MERIT knowledge portal,http://portal.merit.mn,ckan,Open data portal,federal,MN,Mongolia,Project MERIT,Civil society,http://portal.merit.mn/api/3,201,active
data.disl.edu,MESC Data Management Center,https://data.disl.edu,ckan,Open data portal,state,US,United States,The Alabama Marine Environmental Sciences Consortium (MESC),Regional government,https://data.disl.edu/api/3,255,active
find.researchdata.scot,Metadata catalogue | Research Data Scotland,https://find.researchdata.scot,ckan,Open data portal,state,GB,United Kingdom,Research Data Scotland,Academy,https://find.researchdata.scot/api/3,0,active
data.city.mihara.hiroshima.jp,Mihara City Open Data Portal,https://data.city.mihara.hiroshima.jp,ckan,Open data portal,local,JP,Japan,Mihara City,Local government,https://data.city.mihara.hiroshima.jp/api/3,0,active
mindset.ccgeo.info,mindset.ccgeo.info:82 Open Data Portal,https://mindset.ccgeo.info:82,ckan,Open data portal,federal,CC,Cocos (Keeling) Islands,mindset.ccgeo.info:82,Business,,0,active
agridata.tn,"Ministère de l'Agriculture, des Ressources Hydrauliques et de la Pêche Open Data Portal",https://agridata.tn,ckan,Open data portal,federal,TN,Tunis,"Ministère de l'Agriculture, des Ressources Hydrauliques et de la Pêche",Central government,http://agridata.tn/api/3,0,active
dados.transportes.gov.br,Ministério da Infraestrutura: Bem vindo,https://dados.transportes.gov.br,ckan,Open data portal,federal,BR,Brazil,Ministério da Infraestrutura,Central government,https://dados.transportes.gov.br/api/3,108,active
dados.justica.gov.pt,Ministério da Justiça Open Data Portal,https://dados.justica.gov.pt,ckan,Open data portal,federal,PT,Portugal,Ministério da Justiça,Central government,,0,active
kilimodata.developlocal.org,"Ministry of Agriculture, Livestock and Fisheries in the Republic of Kenya data catalog",http://kilimodata.developlocal.org,ckan,Open data portal,federal,KE,Kenya,"Ministry of Agriculture, Livestock and Fisheries in the Republic of Kenya",Central government,http://kilimodata.developlocal.org/api/3,0,active
datacatalog.moc.go.th,"Ministry of Commerce, Thailand Open Data Portal",https://datacatalog.moc.go.th,ckan,Open data portal,federal,TH,Thailand,"Ministry of Commerce, Thailand",Central government,https://datacatalog.moc.go.th/api/3,0,active
gdcatalog.m-culture.go.th,Ministry of Culture Government Data Catalog,https://gdcatalog.m-culture.go.th,ckan,Open data portal,federal,TH,Thailand,Ministry of Culture,Central government,https://gdcatalog.m-culture.go.th/api/3,0,active
data.mhesi.go.th,"Ministry of Higher Education, Science, Research and Innovation, Thailand Open Data Portal",https://data.mhesi.go.th/dataset,ckan,Open data portal,federal,TH,Thailand,"Ministry of Higher Education, Science, Research and Innovation, Thailand",Central government,https://data.mhesi.go.th/api/3,42,active
bmckan.cpami.gov.tw,Ministry of Interior of the Republic of China  open data,https://bmckan.cpami.gov.tw,ckan,Open data portal,federal,TW,Taiwan,Ministry of Interior of the Republic of China,Central government,https://bmckan.cpami.gov.tw/api/3,0,active
hss.gdcatalog.go.th,"Ministry of Public Health, Thailand Open Data Portal",https://hss.gdcatalog.go.th,ckan,Open data portal,federal,TH,Thailand,"Ministry of Public Health, Thailand",Central government,https://hss.gdcatalog.go.th/api/3,0,active
data.env.go.jp,"Ministry of the Environment, Japan Open Data Portal",https://data.env.go.jp,ckan,Open data portal,federal,JP,Japan,"Ministry of the Environment, Japan",Central government,https://data.env.go.jp/api/3,0,active
gisdata.mn.gov,Minnesota Geospatial Commons,https://gisdata.mn.gov,ckan,Open data portal,state,US,United States,State of Minnesota,Regional government,https://gisdata.mn.gov/api/3,1052,active
data.missouriepscor.org,Missouri EPSCoR Data Portal,https://data.missouriepscor.org,ckan,Open data portal,state,US,United States,EPSCoR,Civil society,https://data.missouriepscor.org/api/3,0,active
data.stat.pref.miyazaki.lg.jp,Miyazaki Prefecture Data Catalog,https://data.stat.pref.miyazaki.lg.jp,ckan,Open data portal,state,JP,Japan,Prefecture Miyazaki,Regional government,https://data.stat.pref.miyazaki.lg.jp/api/3,511,active
ckan.pref.miyazaki.lg.jp,Miyazaki Prefecture Disaster Prevention Clearing House,https://ckan.pref.miyazaki.lg.jp,ckan,Open data portal,state,JP,Japan,Prefecture Miyazaki,Regional government,https://ckan.pref.miyazaki.lg.jp/api/3,8028,active
mobidata-bw.de,MobiData BW®,https://mobidata-bw.de,ckan,Open data portal,state,DE,Germany,NVBW - Nahverkehrsgesellschaft Baden-Württemberg mbH,Business,https://mobidata-bw.de/api/3,140,active
opendata.moei.gov.ae,MOEI Open Data Portal,https://opendata.moei.gov.ae/ckan,ckan,Open data portal,federal,AE,United Arab Emirates,Ministry of Energy and Infrastructure,Central government,https://opendata.moei.gov.ae/ckan/api/3,0,active
datacat.moralcenter.or.th,Moral Center Data Catalog (Thailand),https://datacat.moralcenter.or.th,ckan,Open data portal,federal,TH,Thailand,Moral Center (Thailand),Non-profit,https://datacat.moralcenter.or.th/api/3,18,active
metastore.mpcdf.mpg.de,MPCDF Metadata,https://metastore.mpcdf.mpg.de,ckan,Open data portal,federal,DE,Germany,Max Planck Computing and Data Facility,Academy,https://metastore.mpcdf.mpg.de/api/3,118,active
daten.digitale-mrn.de,MRN Daten,https://daten.digitale-mrn.de,ckan,Open data portal,state,DE,Germany,Metropolitan Region Rhine-Neckar (MRN),Regional government,https://daten.digitale-mrn.de/api/3,360,active
opendata.vubp.cz,Municipal Data Catalog of Vysoké Učení Brno – Police (VUBP),http://opendata.vubp.cz,ckan,Open data portal,federal,CZ,Czech Republic,Czech Occupational Safety Research Institute,Central government,http://opendata.vubp.cz/api/3,45,active
goy-cte-datos.paisdigital.modernizacion.gob.ar,Municipalidad de Goya Portal de Datos Abiertos,http://goy-cte-datos.paisdigital.modernizacion.gob.ar,ckan,Open data portal,local,AR,Argentina,Municipalidad de Goya,Local government,,0,active
lin-bue-datos.paisdigital.modernizacion.gob.ar,Municipalidad de Lincoln Portal de Datos Abiertos,http://lin-bue-datos.paisdigital.modernizacion.gob.ar,ckan,Open data portal,local,AR,Argentina,Municipalidad de Lincoln,Local government,,0,active
nui-ngy-bosai.jp,Nagoya Bosai Open Data,https://nui-ngy-bosai.jp,ckan,Open data portal,local,JP,Japan,Nagoya City,Local government,https://nui-ngy-bosai.jp/api/3,0,active
data.nantou.gov.tw,Nantou County Government open data,https://data.nantou.gov.tw,ckan,Open data portal,state,TW,Taiwan,Nantou County Government,Regional government,https://data.nantou.gov.tw/api/3,432,active
data.harvestportal.org,NASA Harvest Portal Data Catalog,https://data.harvestportal.org,ckan,Open data portal,federal,US,United States,NASA Harvest Consortium,International,https://data.harvestportal.org/api/3,0,active
opendata-nasu.opendatastack.jp,Nasu Local Settlement Self-reliant Area Open Data Portal,http://opendata-nasu.opendatastack.jp,ckan,Open data portal,local,JP,Japan,Nasu Local Settlement,Local government,http://opendata-nasu.opendatastack.jp/api/3,488,active
nap.dgt.es,National Access Point for Transport and Mobility - DGT,https://nap.dgt.es,ckan,Open data portal,federal,ES,Spain,Dirección General de Tráfico,Central government,,0,active
data.nap.gov.gr,National Access Point of Greece,http://data.nap.gov.gr,ckan,Open data portal,federal,GR,Greece,Hellenic Respublic Ministry of Infrastructure and transport,Central government,http://data.nap.gov.gr/api/3,0,active
nabc-catalog.oae.go.th,National Agricultural Big Data Center,https://nabc-catalog.oae.go.th,ckan,Open data portal,federal,TH,Thailand,National Agricultural Information Center Office of Agricultural Economics Ministry of Agriculture and Cooperatives (Thailand),Central government,https://nabc-catalog.oae.go.th/api/3,0,active
data.narit.or.th,National Astronomical Research Institute data catalog,https://data.narit.or.th,ckan,Open data portal,federal,TH,Thailand,National Astronomical Research Institute (Public Organization) (Thailand),Central government,https://data.narit.or.th/api/3,37,active
scidm.nchc.org.tw,National Center for High-Performance Computing (NCHC) Open Data Portal,https://scidm.nchc.org.tw,ckan,Open data portal,federal,TW,Taiwan,National Computer Center,Academy,,0,active
catalog.data.gov.ir,National data and geodata catalog,https://catalog.data.gov.ir,ckan,Open data portal,federal,IR,Iran,Government of Iran,Central government,https://catalog.data.gov.ir/api/3,0,active
data.doi.gov,National Digital Catalog for the Department of the Interior,https://data.doi.gov,ckan,Open data portal,federal,US,United States,US Department of the Interior,Central government,https://data.doi.gov/api/3,0,active
data.datahub.freightaustralia.gov.au,National Freight Data Hub - Data Catalogue,https://data.datahub.freightaustralia.gov.au,ckan,Open data portal,federal,AU,Australia,Government of Australia,Central government,https://data.datahub.freightaustralia.gov.au/api/3,0,active
transportdata.be,National Geographic Institute Open data portal,https://transportdata.be,ckan,Open data portal,federal,BE,Belgium,National Geographic Institute,Academy,https://transportdata.be/api/3,191,active
data.nhm.ac.uk,National history museum. Data Portal,https://data.nhm.ac.uk,ckan,Open data portal,federal,GB,United Kingdom,National history museum,Academy,https://data.nhm.ac.uk/api/3,287,active
gdcatalog.nha.co.th,National Housing Authority data portal,https://gdcatalog.nha.co.th,ckan,Open data portal,federal,TH,Thailand,National Housing Authority (Thailand),Central government,https://gdcatalog.nha.co.th/api/3,196,active
opendata.eol.org,National Museum of Natural History Smithsonian Institution Open Data Portal,https://opendata.eol.org,ckan,Open data portal,federal,US,United States,National Museum of Natural History Smithsonian Institution,Academy,https://opendata.eol.org/api/3,0,active
catalog.nso.go.th,National Statistical Office accounting/transparency system,https://catalog.nso.go.th,ckan,Open data portal,federal,TH,Thailand,National Statistical Office  (Thailand),Central government,https://catalog.nso.go.th/api/3,0,active
data.nsonepal.gov.np,National Statistics Office of Nepal Data Catalog,https://data.nsonepal.gov.np,ckan,Open data portal,federal,NP,Nepal,NSO Nepal,Central government,https://data.nsonepal.gov.np/api/3,0,active
opendata.onwr.go.th,National Water Resources Office data catalog (Thailand),https://opendata.onwr.go.th,ckan,Open data portal,federal,TH,Thailand,National Water Resources Office (Thailand),Central government,https://opendata.onwr.go.th/api/3,0,active
data.nativeland.info,Native Lands Data Portal,https://data.nativeland.info,ckan,Open data portal,federal,US,United States,Native Land Information System,Civil society,https://data.nativeland.info/api/3,0,active
openscience.hutton.ac.uk,Natural Asset Register Data Portal,https://openscience.hutton.ac.uk/,ckan,Open data portal,state,GB,United Kingdom,James Hutton Institute,Academy,https://openscience.hutton.ac.uk/api/3,48,active
data.nbco.gov.ie,NBC&MSO Data Portal. Building Control Data,https://data.nbco.gov.ie,ckan,Open data portal,federal,IE,Ireland,NBC&MSO,Central government,https://data.nbco.gov.ie/api/3,2,active
catalog.research.ncpfasnetwork.com,NC PFAS Research Network Catalog,https://catalog.research.ncpfasnetwork.com/,ckan,Open data portal,state,US,United States,NC PFAS Research Network,Academy,https://catalog.research.ncpfasnetwork.com/api/3,169,active
aidata.nchu.edu.tw,NCHU Open AI Model and Dataset Platform,https://aidata.nchu.edu.tw,ckan,Open data portal,federal,TW,Taiwan,National Chung Hsing University,Academy,https://aidata.nchu.edu.tw/smarter/api/3,95,active
ndotdata.nebraska.gov,Nebraska Department of Transportation Open Data,https://ndotdata.nebraska.gov/,ckan,Open data portal,state,US,United States,Nebraska Department of Transportation,Regional government,https://ndotdata.nebraska.gov/api/3,8,active
opend-portal.nectec.or.th,NECTEC Data Catalog,https://opend-portal.nectec.or.th,ckan,Open data portal,federal,TH,Thailand,National Electronics and Computer Technology Center (NECTEC),Central government,https://opend-portal.nectec.or.th/api/3,27,active
ckan.ino.nectec.or.th,NECTEC Open Data Portal,https://ckan.ino.nectec.or.th,ckan,Open data portal,federal,TH,Thailand,National Electronics and Computer Technology Center (NECTEC),Academy,https://ckan.ino.nectec.or.th/api/3,0,active
data.neolaiacampus.eu,NEOLAiA Open Data Repository,https://data.neolaiacampus.eu,ckan,Open data portal,federal,EU,European Union,NEOLAiA European Universities Alliance,Academy,https://data.neolaiacampus.eu/api/3,62,active
data.nepaleconomicforum.org,Nepal Economic Forum Open Data Portal,https://data.nepaleconomicforum.org,ckan,Open data portal,federal,NP,Nepal,Nepal Economic Forum,Civil society,https://data.nepaleconomicforum.org/api/3,0,active
edx.netl.doe.gov,NETL EDX (Energy Data Exchange),https://edx.netl.doe.gov,ckan,Open data portal,federal,US,United States,U.S. Department of Energy,Central government,https://edx.netl.doe.gov/api/3,17986,active
catalog.newmexicowaterdata.org,New Mexico Water Data Initiative Open Data Portal,https://catalog.newmexicowaterdata.org/,ckan,Open data portal,state,US,United States,New Mexico Water Data Initiative,Regional government,https://catalog.newmexicowaterdata.org/api/3,0,active
geodata.nzpam.govt.nz,New Zealand geoscience geodata catalogue,https://geodata.nzpam.govt.nz,ckan,Open data portal,federal,NZ,New Zealand,New Zealand Petroleum & Minerals,Central government,https://geodata.nzpam.govt.nz/api/3,0,active
data.bioheritage.nz,New Zealand's Biological Heritage Data Repository,https://data.bioheritage.nz,ckan,Open data portal,federal,NZ,New Zealand,New Zealand's Biological Heritage National Science Challenge,Academy,https://data.bioheritage.nz/api/3,104,active
data.ci.newark.nj.us,"Newark, Nj Open Data",https://data.ci.newark.nj.us,ckan,Open data portal,local,US,United States,City of NewArk,Local government,https://data.ci.newark.nj.us/api/3,0,active
catalogue.nextgeoss.eu,NextGeoss Data Catalogue,https://catalogue.nextgeoss.eu,ckan,Open data portal,federal,EU,European Union,NextGEOSS,Academy,https://catalogue.nextgeoss.eu/api/3,0,active
resiliencedata.nfwf.org,NFWF Coastal Resilience Open Data Platform,https://resiliencedata.nfwf.org,ckan,Open data portal,federal,US,United States,The National Fish and Wildlife Foundation (NFWF),Civil society,https://resiliencedata.nfwf.org/api/3,0,active
opendata.nhsbsa.net,NHS Business Services Authority’s (NHSBSA) Open Data Portal,https://opendata.nhsbsa.net,ckan,Open data portal,federal,GB,United Kingdom,NHS Business Services Authority’s (NHSBSA),Central government,https://opendata.nhsbsa.net/api/3,2591,active
manage.test.standards.nhs.uk,NHS Data Standards and Capabilities,https://manage.test.standards.nhs.uk,ckan,Open data portal,state,GB,United Kingdom,NHS England,Central government,https://manage.test.standards.nhs.uk/api/3,0,active
data.england.nhs.uk,NHS England Data Catalogue,https://data.england.nhs.uk,ckan,Open data portal,state,GB,United Kingdom,National health service of England,Regional government,,0,active
opendata.nia.or.th,NIA National Innovation Agency's open data (Thailand),https://opendata.nia.or.th,ckan,Open data portal,federal,TH,Thailand,National Innovation Agency (Thailand),Central government,https://opendata.nia.or.th/api/3,24,active
niagaraopendata.ca,Niagara open data,https://niagaraopendata.ca,ckan,Open data portal,local,CA,Canada,City of Niagara Falls,Local government,https://niagaraopendata.ca/api/3,516,active
opendata.city.niigata.lg.jp,Niigata City Open Data Portal,https://opendata.city.niigata.lg.jp,ckan,Open data portal,local,JP,Japan,Niigata City,Local government,https://opendata.city.niigata.lg.jp/api/3/action/package_list,0,active
data.ninhbinh.gov.vn,Ninh Binh province open data portal,https://data.ninhbinh.gov.vn,ckan,Open data portal,state,VN,Vietnam,Ninh Binh province,Regional government,https://data.ninhbinh.gov.vn/api/3,0,active
data.archive.sigma2.no,NIRD Research Data Archive,https://data.archive.sigma2.no,ckan,Open data portal,federal,NO,Norway,UNINETT Sigma2,Academy,,0,active
ckan.nishiawakura-mulabo.jp,Nishiawakura Village Data Catalog,https://ckan.nishiawakura-mulabo.jp,ckan,Open data portal,local,JP,Japan,Nishiawakura Village,Local government,https://ckan.nishiawakura-mulabo.jp/api/3,10,active
opendata.city.nisshin.lg.jp,Nisshin City Open Data,https://opendata.city.nisshin.lg.jp,ckan,Open data portal,local,JP,Japan,Nisshin City,Local government,https://opendata.city.nisshin.lg.jp/api/3,330,active
dataspace.niua.org,NIUA Data Space,https://dataspace.niua.org/,ckan,Open data portal,federal,IN,India,National Institute of Urban Affairs,Central government,https://dataspace.niua.org/api/3,0,active
opendata.noisylegrand.fr,NLG Open Data - Noisy-le-Grand,https://opendata.noisylegrand.fr,ckan,Open data portal,local,FR,France,Ville de Noisy-le-Grand,Local government,,0,active
128.199.41.97,No direct content in results. Cannot extract from raw URL without scrapeable content.,http://128.199.41.97:5000,ckan,Open data portal,state,PT,Portugal,Viseu Dão Lafões,Regional government,http://128.199.41.97:5000/api/3,90,active
catalog.citydata.in.th,No direct data found from requested URL,https://catalog.citydata.in.th,ckan,Open data portal,federal,TH,Thailand,Digital Economy Promotion Agency,Central government,https://catalog.citydata.in.th/api/3,740,active
116.203.208.239,No extraction possible from the provided URL,http://116.203.208.239,ckan,Open data portal,local,GB,United Kingdom,Government of St. Helena,Local government,,0,active
catalog2.gbdi.cloud,No extraction possible from URL content,https://catalog2.gbdi.cloud,ckan,Open data portal,federal,GB,United Kingdom,Gbdi,Central government,https://catalog2.gbdi.cloud/api/3,0,active
opendata.kaaw.de,No information available from provided search results for URL opendata.kaaw.de,https://opendata.kaaw.de,ckan,Open data portal,federal,DE,Germany,Government of Germany,Central government,https://opendata.kaaw.de/api/3,14,active
62.103.213.231,No results found in provided sources for scraping or schema extraction.,http://62.103.213.231:8080,ckan,Open data portal,federal,GR,Greece,Government of Greece,Central government,http://62.103.213.231:8080/api/3,0,active
data.noaa.gov,NOAA Data Catalog,https://data.noaa.gov,ckan,Open data portal,federal,US,United States,NOAA,Central government,https://data.noaa.gov/dataset/api/3,0,active
catalog.northslopescience.org,North Slope Science Initiative (NSSI),https://catalog.northslopescience.org,ckan,Open data portal,state,US,United States,"University of Alaska, Geophisical institute",Academy,https://catalog.northslopescience.org/api/3,0,active
admin.opendatani.gov.uk,Northern Ireland Open Data - Open Data Portal,https://admin.opendatani.gov.uk,ckan,Open data portal,state,GB,United Kingdom,Government of Northern Ireland,Regional government,https://admin.opendatani.gov.uk/api/3,1049,active
data.nt.gov.au,Northern Territory Government Open Data Portal,https://data.nt.gov.au,ckan,Open data portal,state,AU,Australia,Northern Territory Government of Australia ,Regional government,https://data.nt.gov.au/api/3,1066,active
data-test.toll.no,Norwegian Customs Open Data Portal,https://data-test.toll.no,ckan,Open data portal,federal,NO,Norway,Norwegian Customs,Central government,https://data-test.toll.no/api/3,0,active
ckan.open-governmentdata.org,Not explicitly stated on page preview (requires deeper site navigation or source inspection) Open Data Portal,https://ckan.open-governmentdata.org,ckan,Open data portal,international,World,World,Not explicitly stated on page preview (requires deeper site navigation or source inspection),Central government,https://ckan.open-governmentdata.org/api/3,0,active
st.ominis.org,Not provided Open Data Portal,https://st.ominis.org,ckan,Open data portal,federal,World,World,Not provided,International,,0,active
corona-daten-deutschland.de,Not specified (possibly related to Dateno registry or community-driven) Open Data Portal,https://www.corona-daten-deutschland.de,ckan,Open data portal,federal,DE,Germany,Not specified (possibly related to Dateno registry or community-driven),Academy,https://www.corona-daten-deutschland.de/api/3,0,active
catalog.riits.net,not specified in provided text Open Data Portal,https://catalog.riits.net,ckan,Open data portal,international,World,World,not specified in provided text,Academy,https://catalog.riits.net/api/3,17,active
flooddata.ses.nsw.gov.au,NSW Flood Data Portal,https://flooddata.ses.nsw.gov.au,ckan,Open data portal,state,AU,Australia,"NSW State Emergency Service and NSW Department of Climate Change, Energy, the Environment and Water",Regional government,https://flooddata.ses.nsw.gov.au/api/3,4286,active
data.nuevanacion.com,Nuevanacion Open Data Portal,http://data.nuevanacion.com,ckan,Open data portal,international,World,World,Nuevanacion,Business,,0,active
oasishub.co,Oasis HUB,https://oasishub.co,ckan,Open data portal,federal,EU,European Union,Oasis Hub,Academy,https://oasishub.co/api/3,0,active
bretagne-environnement.fr,Observatoire de l'environnement en Bretagne,https://bretagne-environnement.fr,ckan,Open data portal,state,FR,France,Observatoire de l'environnement en Bretagne (OEB),Regional government,,0,active
opendata.abbeville.fr,ODAF - OpenData.Abbeville.Fr,https://opendata.abbeville.fr,ckan,Open data portal,federal,FR,France,City of Abbeville,Local government,http://opendata.abbeville.fr/api/3,0,active
odata.org.il,OData - the Best Way to REST,https://odata.org.il,ckan,Open data portal,federal,IL,Israel,Octopus,Civil society,https://odata.org.il/api/3,8239,active
odcp.getmap.gr,Odcp Geoportal - Government of Greece,https://odcp.getmap.gr,ckan,Open data portal,federal,GR,Greece,Government of Greece,Central government,https://odcp.getmap.gr/api/3,0,active
datos.odepa.gob.cl,ODEPA - Portal de Datos Abiertos,https://datos.odepa.gob.cl,ckan,Open data portal,federal,CL,Chile,Oficina de Estudios y Politicas Agrarias (ODEPA),Central government,https://datos.odepa.gob.cl/api/3,6,active
podatki.gov.si,Odprti podatki Slovenije,https://podatki.gov.si,ckan,Open data portal,federal,SI,Slovenia,Ministrsvo za Javno Upravo,Central government,https://podatki.gov.si/api/3,8775,active
opendata.erlangen.de,Offene Daten Erlangen,https://opendata.erlangen.de/,ckan,Open data portal,local,DE,Germany,Stadt Erlangen,Local government,https://opendata.erlangen.de/api/3,15,active
data.gv.at,Offene Daten Österreich | data.gv.at,https://data.gv.at,ckan,Open data portal,federal,AT,Austria,Government of Austria,Central government,https://data.gv.at/katalog/api/3,0,active
offenedaten.frankfurt.de,Offene Daten Portal der Stadt Frankfurt/Main,https://offenedaten.frankfurt.de,ckan,Open data portal,local,DE,Germany,Stadt Frankfurt/Main,Local government,https://offenedaten.frankfurt.de/api/3,0,active
offenesdatenportal.de,OffenesDatenPortal Open Data Portal,https://www.offenesdatenportal.de,ckan,Open data portal,federal,DE,Germany,OffenesDatenPortal,Central government,https://www.offenesdatenportal.de/api/3,1126,active
catalog.onesqa.or.th,"Office for National Education Standards and Quality Assessment (ONESQA), Thailand Open Data Portal",https://catalog.onesqa.or.th,ckan,Open data portal,federal,TH,Thailand,"Office for National Education Standards and Quality Assessment (ONESQA), Thailand",Central government,https://catalog.onesqa.or.th/api/3,0,active
opendata.oae.go.th,"Office of Agricultural Economics (OAE), Thailand Open Data Portal",https://opendata.oae.go.th,ckan,Open data portal,federal,TH,Thailand,"Office of Agricultural Economics (OAE), Thailand",Central government,https://opendata.oae.go.th/api/3,0,active
onep.gdcatalog.go.th,"Office of Natural Resources and Environmental Policy and Planning (ONEP), Thailand Open Data Portal",https://onep.gdcatalog.go.th,ckan,Open data portal,federal,TH,Thailand,"Office of Natural Resources and Environmental Policy and Planning (ONEP), Thailand",Central government,https://onep.gdcatalog.go.th/api/3,182,active
opendata.obec.go.th,Office of the Basic Education Commission Ministry of Education data catalog,https://opendata.obec.go.th,ckan,Open data portal,federal,TH,Thailand,Office of the Basic Education Commission Ministry of Education (Thailand),Central government,https://opendata.obec.go.th/api/3,71,active
catalog.ocsb.go.th,"Office of the Cane and Sugar Board, Thailand Open Data Portal",https://catalog.ocsb.go.th,ckan,Open data portal,federal,TH,Thailand,"Office of the Cane and Sugar Board, Thailand",Central government,https://catalog.ocsb.go.th/api/3,0,active
ocpb.gdcatalog.go.th,"Office of the Consumer Protection Board (OCPB), Thailand Open Data Portal",https://ocpb.gdcatalog.go.th,ckan,Open data portal,federal,TH,Thailand,"Office of the Consumer Protection Board (OCPB), Thailand",Central government,https://ocpb.gdcatalog.go.th/api/3,1,active
data.treasury.ri.gov,Office of the General Treasurer Data Portal,https://data.treasury.ri.gov,ckan,Open data portal,state,US,United States,Office of the General Treasurer Rhode Island,Regional government,http://data.treasury.ri.gov/api/3,0,active
onab.gdcatalog.go.th,"Office of the National Anti-Corruption Commission (ONAB), Thailand Open Data Portal",https://onab.gdcatalog.go.th,ckan,Open data portal,federal,TH,Thailand,"Office of the National Anti-Corruption Commission (ONAB), Thailand",Central government,https://onab.gdcatalog.go.th/api/3,0,active
datacatalog.onde.go.th,"Office of the National Digital Economy and Society Commission (ONDE), Thailand Open Data Portal",https://datacatalog.onde.go.th,ckan,Open data portal,federal,TH,Thailand,"Office of the National Digital Economy and Society Commission (ONDE), Thailand",Central government,https://datacatalog.onde.go.th/api/3,0,active
opendata.onde.go.th,Office of the National Digital Economy and Society Commission open data,https://opendata.onde.go.th,ckan,Open data portal,federal,TH,Thailand,Office of the National Digital Economy and Society Commission,Central government,https://opendata.onde.go.th/api/3,0,active
ckan.nationalhealth.or.th,Office of the National Health Commission Data accounting system (Data Catalog)  (Thailand),http://ckan.nationalhealth.or.th,ckan,Open data portal,federal,TH,Thailand,Office of the National Health Commission (Thailand),Central government,http://ckan.nationalhealth.or.th/api/3,0,active
catalog.sbpac.go.th,"Office of the National Health Commission, Thailand Open Data Portal",https://catalog.sbpac.go.th,ckan,Open data portal,federal,TH,Thailand,"Office of the National Health Commission, Thailand",Central government,https://catalog.sbpac.go.th/api/3,0,active
dataportal.opdc.go.th,"Office of the Public Sector Development Commission (OPDC), Thailand Open Data Portal",https://dataportal.opdc.go.th,ckan,Open data portal,federal,TH,Thailand,"Office of the Public Sector Development Commission (OPDC), Thailand",Central government,https://dataportal.opdc.go.th/api/3,46,active
ckan.vec.go.th,Office of the Vocational Education Commission Data catalog (Thailand),http://ckan.vec.go.th,ckan,Open data portal,federal,TH,Thailand,Office of the Vocational Education Commission (Thailand),Central government,http://ckan.vec.go.th/api/3,9,active
otp.gdcatalog.go.th,"Office of Transport and Traffic Policy (OTP), Thailand Open Data Portal",https://otp.gdcatalog.go.th,ckan,Open data portal,federal,TH,Thailand,"Office of Transport and Traffic Policy (OTP), Thailand",Central government,https://otp.gdcatalog.go.th/api/3,0,active
catalogue.ogsl.ca,OGSL/SLGO Data catalogue,https://catalogue.ogsl.ca,ckan,Open data portal,state,CA,Canada,Association régionale du Saint-Laurent,Academy,https://catalogue.ogsl.ca/api/3,400,active
osmdatacatalog.alberta.ca,Oil Sands Monitoring Data Catalogue,https://osmdatacatalog.alberta.ca,ckan,Open data portal,state,CA,Canada,Government of Alberta,Regional government,https://osmdatacatalog.alberta.ca/api/3,946,active
data.ok.gov,Oklahoma Data Catalog,https://data.ok.gov,ckan,Open data portal,state,US,United States,State of Oklahoma,Regional government,https://data.ok.gov/api/3,388,active
data.onec.go.th,ONEC Open Data,https://data.onec.go.th,ckan,Open data portal,federal,TH,Thailand,Office of the Education Council (Thailand),Central government,https://data.onec.go.th/api/3,0,active
data.ontario.ca,Ontario Data Catalogue,https://data.ontario.ca,ckan,Open data portal,state,CA,Canada,Government of Ontario,Regional government,https://data.ontario.ca/api/3,2943,active
openbudgetsindia.org,Open Budgets India,https://openbudgetsindia.org,ckan,Open data portal,federal,IN,India,Centre for Budget and Governance Accountability (CBGA). India,Civil society,https://openbudgetsindia.org/api/3,0,active
openculture.gov.tn,Open Culture,https://www.openculture.gov.tn,ckan,Open data portal,federal,TN,Tunis,Ministry of Cultural Affairs Tunis,Central government,http://www.openculture.gov.tn/api/3,328,active
dati.mit.gov.it,Open Data - Ministero delle infrastrutture e dei trasporti,https://dati.mit.gov.it/catalog,ckan,Open data portal,federal,IT,Italy,Ministero delle infrastrutture e dei trasporti,Central government,https://dati.mit.gov.it/catalog/api/3,70,active
opendata.ual.es,Open Data - Universidad de Almeria,https://opendata.ual.es/,ckan,Open data portal,state,ES,Spain,Universidad de Almeria,Academy,https://opendata.ual.es/api/3,163,active
data.acehselatankab.go.id,Open Data Aceh Selatan,https://data.acehselatankab.go.id,ckan,Open data portal,state,ID,Indonesia,The South Aceh District Government,Regional government,,0,active
ckan.adbpo.it,Open Data ADBPo,https://ckan.adbpo.it,ckan,Open data portal,federal,IT,Italy,Autorità di Bacino Distrettuale del Fiume Po,Central government,https://ckan.adbpo.it/api/3,290,active
opendata.mairie-albi.fr,Open Data Albi,https://opendata.mairie-albi.fr,ckan,Open data portal,local,FR,France,Albi,Local government,https://opendata.mairie-albi.fr/api/3,0,active
opendata.aragon.es,Open Data Aragon,https://opendata.aragon.es,ckan,Open data portal,state,ES,Spain,Gobierno de Aragon,Regional government,https://opendata.aragon.es/api/3,2439,active
opendatabizkaia.eus,Open Data Ayuntamiento de Güeñes,https://www.opendatabizkaia.eus/es/organizacion/guenes,ckan,Open data portal,local,ES,Spain,Open Data Ayuntamiento de Güeñes,Local government,,0,active
opendata-ajuntament.barcelona.cat,Open Data Barcelona,https://opendata-ajuntament.barcelona.cat,ckan,Open data portal,local,ES,Spain,Ajuntament de Barcelona,Local government,https://opendata-ajuntament.barcelona.cat/data/api/3,553,active
data.batangkab.go.id,Open Data Batang,https://data.batangkab.go.id,ckan,Open data portal,local,ID,Indonesia,Pemerintah Kabupaten Batang (Batang Regency Government),Local government,https://data.batangkab.go.id/api/3,9609,active
opendata.ayto-caceres.es,Open Data Cáceres,http://opendata.ayto-caceres.es/dataset,ckan,Open data portal,local,ES,Spain,Open Data Cáceres,Local government,http://opendata.ayto-caceres.es/api/3/action/package_list,0,active
data.agglo-royan.fr,Open Data CARA - Agglomération Royan Atlantique,https://data.agglo-royan.fr,ckan,Open data portal,federal,FR,France,Communauté d'agglomération Royan Atlantique,Community,https://data.agglo-royan.fr/api/3,12,active
opendata.pref.toyama.jp,Open Data Catalog Toyama Prefecture,https://opendata.pref.toyama.jp,ckan,Open data portal,state,JP,Japan,Toyama Prefecture,Regional government,https://opendata.pref.toyama.jp/api/3,424,active
opendata.comune.re.it,Open Data Comune di Reggio Emilia,https://opendata.comune.re.it,ckan,Open data portal,local,IT,Italy,Comune di Reggio Emilia,Local government,https://opendata.comune.re.it/api/3,245,active
opendata.comuni.nemea.cloud,Open Data Comuni,https://opendata.comuni.nemea.cloud/,ckan,Open data portal,federal,IT,Italy,Nemea Cloud / GeoSolutions,Other,https://opendata.comuni.nemea.cloud/api/3,30,active
ckan.opendatacorfu.gr,Open Data Corfu,https://ckan.opendatacorfu.gr,ckan,Open data portal,local,GR,Greece,Municipality of Corfu,Local government,,0,active
donostia.eus,Open Data del Ayuntamiento de Donostia/ San Sebastián,https://www.donostia.eus/datosabiertos/,ckan,Open data portal,local,ES,Spain,Open Data del Ayuntamiento de Donostia/ San Sebastián,Local government,,0,active
datos.canarias.es,Open Data del Gobierno de Canarias,https://datos.canarias.es/catalogos/general,ckan,Open data portal,state,ES,Spain,Open Data del Gobierno de Canarias,Regional government,https://datos.canarias.es/catalogos/general/api/3,22281,active
dati.ustat.miur.it,Open Data dell istruzione superiore,http://dati.ustat.miur.it,ckan,Open data portal,federal,IT,Italy,Ministero dell Università e della Ricerca,Central government,http://dati.ustat.miur.it/api/3,0,active
opendata.unifg.it,Open Data dell'Università di Foggia,https://opendata.unifg.it,ckan,Open data portal,state,IT,Italy,Università di Foggia,Academy,https://opendata.unifg.it/api/3,9,active
datos.emtmadrid.es,Open Data EMT,https://datos.emtmadrid.es,ckan,Open data portal,local,ES,Spain,Open Data EMT,Local government,https://datos.emtmadrid.es/api/3,20,active
dati.enea.it,Open Data ENEA,https://dati.enea.it,ckan,Open data portal,federal,IT,Italy,"ENEA - Agenzia nazionale per le nuove tecnologie, l'energia e lo sviluppo economico sostenibile",Central government,https://dati.enea.it/api/3,18,active
algeria.opendataforafrica.org,Open Data for Algeria,https://algeria.opendataforafrica.org/,ckan,Open data portal,,DZ,,,,https://opendata.aragon.es/catalogo/api/,0,
data-catalogue.operandum-project.eu,Open data for nature-based solutions to hydro-meteo risks (Operandum project open data),https://data-catalogue.operandum-project.eu,ckan,Open data portal,federal,EU,European Union,Operandum project,Academy,https://data-catalogue.operandum-project.eu/api/3,0,active
open-data.ble.de,Open Data from the Federal Agency for Agriculture and Food (Germany),https://open-data.ble.de,ckan,Open data portal,federal,DE,Germany,Federal Agency for Agriculture and Food (Germany),Central government,https://open-data.ble.de/api/3,35,active
opendata.monre.gov.vn,Open data gate of the Environmental resources industry (Vietnam),https://opendata.monre.gov.vn,ckan,Open data portal,federal,VN,Vietnam,Ministry of natural resources and environment of Vietnam,Central government,https://opendata.monre.gov.vn/api/3,0,active
data.grobogan.go.id,Open Data Grobogan,https://data.grobogan.go.id,ckan,Open data portal,local,ID,Indonesia,Pemerintah Kabupaten Grobogan (Grobogan Regency Government),Local government,https://data.grobogan.go.id/api/3,729,active
opendata.hautsdefrance.fr,OPEN DATA Hauts-de-France,https://opendata.hautsdefrance.fr,ckan,Open data portal,state,FR,France,Région Hauts-de-France ,Regional government,,0,active
opendata-east-mikawa.jp,Open Data HIGASHI-MIKAWA,https://opendata-east-mikawa.jp,ckan,Open data portal,local,JP,Japan,Higashi-Mikawa Wide Area Union,Local government,https://opendata-east-mikawa.jp/api/3,0,active
opendata.city.higashihiroshima.lg.jp,Open Data Higashihiroshima City,http://opendata.city.higashihiroshima.lg.jp,ckan,Open data portal,local,JP,Japan,Higashihiroshima City,Local government,http://opendata.city.higashihiroshima.lg.jp/api/3,0,active
opingogn.is,Open Data Iceland (Öppin gögn),https://opingogn.is,ckan,Open data portal,federal,IS,Iceland,Digital Iceland,Central government,https://opingogn.is/api/3,0,active
opendata.city.imizu.toyama.jp,Open Data Imizu City,https://opendata.city.imizu.toyama.jp,ckan,Open data portal,local,JP,Japan,Imizu City,Local government,https://opendata.city.imizu.toyama.jp/api/3,168,active
opendata.ps,Open Data in Palestine,http://opendata.ps,ckan,Open data portal,federal,PS,Palestine,Ministry of Telecom and Information Technology of Palestine,Central government,http://opendata.ps/api/3,0,active
catalog.data.ug,Open Data in Uganda,http://catalog.data.ug,ckan,Open data portal,federal,UG,Uganda,African Centre for Media Excellence,Civil society,http://catalog.data.ug/api/3,0,active
data.baritotimurkab.go.id,Open Data Kabupaten Barito Timur,https://data.baritotimurkab.go.id,ckan,Open data portal,local,ID,Indonesia,Pemerintah Kabupaten Barito Timur,Local government,https://data.baritotimurkab.go.id/api/3,8,active
opendata.bovendigoelkab.go.id,Open Data Kabupaten Boven Digoel,https://opendata.bovendigoelkab.go.id,ckan,Open data portal,local,ID,Indonesia,Pemerintah Kabupaten Boven Digoel,Local government,https://opendata.bovendigoelkab.go.id/api/3,0,active
opendata.brebeskab.go.id,Open Data Kabupaten Brebes,https://opendata.brebeskab.go.id,ckan,Open data portal,local,ID,Indonesia,"Dinkominfotik Kab. Brebes (Department of Communication and Informatics, Brebes Regency)",Local government,https://opendata.brebeskab.go.id/api/3,0,active
data.demakkab.go.id,Open Data Kabupaten Demak,https://data.demakkab.go.id,ckan,Open data portal,local,ID,Indonesia,Demak Regency,Local government,https://data.demakkab.go.id/api/3,27218,active
data.mahakamulukab.go.id,Open Data Kabupaten Mahakam Ulu,https://data.mahakamulukab.go.id,ckan,Open data portal,local,ID,Indonesia,Pemerintah Kabupaten Mahakam Ulu,Local government,https://data.mahakamulukab.go.id/api/3,599,active
data.pemalangkab.go.id,Open Data Kabupaten Pemalang,https://data.pemalangkab.go.id,ckan,Open data portal,local,ID,Indonesia,Pemalang Regency,Local government,,0,active
opendata.kebumenkab.go.id,Open Data Kebumen Kabupaten,https://opendata.kebumenkab.go.id,ckan,Open data portal,state,ID,Indonesia,Pemerintah Kabupaten Kebumen,Regional government,https://opendata.kebumenkab.go.id/api/3,0,active
ckan.opendatalaquila.it,Open Data L'Aquila - portale CKAN,https://ckan.opendatalaquila.it/,ckan,Open data portal,state,IT,Italy,Fondazione openpolis,Civil society,https://ckan.opendatalaquila.it/api/3,11,active
datalatih.siat.web.id,Open Data Latih di Aceh,https://datalatih.siat.web.id/,ckan,Open data portal,state,ID,Indonesia,Pemerintah Aceh (Diskominfosa Aceh),Regional government,https://datalatih.siat.web.id/api/3,194,active
opendata.nrct.go.th,Open data National Research Agency (NRCT),https://opendata.nrct.go.th,ckan,Open data portal,federal,TH,Thailand,"National Research Agency (NRCT), Ministry of Higher Education, Science, Thailand",Central government,https://opendata.nrct.go.th/api/3,279,active
opendatanepal.com,Open Data Nepal,https://opendatanepal.com,ckan,Open data portal,federal,NP,Nepal,Open Knowledge Nepal,Civil society,https://opendatanepal.com/api/3,0,active
opendatani.gov.uk,Open Data NI,https://www.opendatani.gov.uk,ckan,Open data portal,state,GB,United Kingdom,Digital NI,Central government,https://www.opendatani.gov.uk/api/3,0,active
opendata.ocsb.go.th,"Open Data Office of the Council of State (OCSB), Thailand",https://opendata.ocsb.go.th,ckan,Open data portal,federal,TH,Thailand,"Office of the Council of State (OCSB), Thailand",Central government,https://opendata.ocsb.go.th/api/3,0,active
opendata.com.pk,Open Data Pakistan,https://opendata.com.pk,ckan,Open data portal,federal,PK,Pakistan,Open Data Pakistan,Academy,https://opendata.com.pk/api/3,1471,active
data.dairikab.go.id,Open Data Pemerintah Kabupaten Dairi,https://data.dairikab.go.id,ckan,Open data portal,local,ID,Indonesia,Dairi Regency Government,Local government,https://data.dairikab.go.id/api/3,110,active
opendata.samarindakota.go.id,Open Data Pemerintah Kota Samarinda,https://opendata.samarindakota.go.id,ckan,Open data portal,local,ID,Indonesia,Pemerintah Kota Samarinda,Local government,https://opendata.samarindakota.go.id/api/3,0,active
petic.dcomp.ufs.br,Open Data PETIC,https://petic.dcomp.ufs.br,ckan,Open data portal,state,BR,Brazil,Universidade Federal de Sergipe (UFS),Academy,https://petic.dcomp.ufs.br/api/3,90,active
data.opentransportdata.swiss,Open data platform mobility Switzerland,https://data.opentransportdata.swiss,ckan,Open data portal,federal,CH,Switzerland,Swiss Federal Office of Transport (FOT),Central government,https://data.opentransportdata.swiss/api/3,0,active
datosabiertos.desarrollosocial.gob.ar,Open data portal - Argentine Ministry of Social Development,http://datosabiertos.desarrollosocial.gob.ar,ckan,Open data portal,federal,AR,Argentina,Argentine Ministry of Social Development,Central government,http://datosabiertos.desarrollosocial.gob.ar/api/3,0,active
opendata.sobranie.mk,Open Data Portal - Assembly of the Republic of North Macedonia,https://opendata.sobranie.mk,ckan,Open data portal,federal,MK,Republic of North Macedonia,Assembly of the Republic of North Macedonia,Central government,https://opendata.sobranie.mk/api/3,29,active
dados.cefet-rj.br,Open Data Portal - Centro Federal de Educação Tecnológica Celso Suckow da Fonseca (CEFET/RJ),https://dados.cefet-rj.br,ckan,Open data portal,federal,BR,Brazil,Centro Federal de Educação Tecnológica Celso Suckow da Fonseca (CEFET/RJ),Academy,https://dados.cefet-rj.br/api/3,25,active
datagate.snap4city.org,Open data portal - CKAN,https://datagate.snap4city.org,ckan,Open data portal,federal,IT,Italy,CKAN,Business,https://datagate.snap4city.org/api/3,0,active
opendata.comune.civitavecchia.rm.it,Open data portal - Comune di Civitavecchia,http://opendata.comune.civitavecchia.rm.it,ckan,Open data portal,federal,IT,Italy,Comune di Civitavecchia,Local government,http://opendata.comune.civitavecchia.rm.it/api/3,0,active
dati.comune.crispiano.ta.it,Open data portal - Comune di Crispiano,https://dati.comune.crispiano.ta.it,ckan,Open data portal,federal,IT,Italy,Comune di Crispiano,Local government,,0,active
srv1.comune.martinafranca.ta.it,Open data portal - Comune di Martina Franca,https://srv1.comune.martinafranca.ta.it,ckan,Open data portal,federal,IT,Italy,Comune di Martina Franca,Local government,,0,active
concejoabierto.cdcordoba.gob.ar,Open data portal - Concejo Deliberante de la Ciudad de Córdoba,http://concejoabierto.cdcordoba.gob.ar,ckan,Open data portal,local,AR,Argentina,Concejo Deliberante de la Ciudad de Córdoba,Local government,,0,active
dadosjuventude.ibict.br,Open Data Portal - Dadosjuventude,https://dadosjuventude.ibict.br,ckan,Open data portal,federal,BR,Brazil,Dadosjuventude,Academy,http://dadosjuventude.ibict.br/api/3,0,active
ckan.casaccia.enea.it,Open data portal - ENEA,https://ckan.casaccia.enea.it,ckan,Open data portal,federal,IT,Italy,ENEA,Academy,https://ckan.casaccia.enea.it/api/3,18,active
dados.ufc.br,Open Data Portal - Federal University of Ceará,https://dados.ufc.br,ckan,Open data portal,state,BR,Brazil,Federal University of Ceará,Academy,https://dados.ufc.br/api/3,0,active
catalogo.governoaberto.sp.gov.br,Open Data Portal - Governo San Paulo,http://catalogo.governoaberto.sp.gov.br,ckan,Open data portal,state,BR,Brazil,Governo San Paulo,Regional government,http://catalogo.governoaberto.sp.gov.br/api/3,0,active
hetor.it,Open data portal - Hetor,https://www.hetor.it,ckan,Open data portal,federal,IT,Italy,Hetor,Business,,0,active
dati.retecivica.bz.it,Open data portal - Local Government of Retecivica,https://dati.retecivica.bz.it,ckan,Open data portal,federal,IT,Italy,Local Government of Retecivica,Local government,,0,active
dados.mj.gov.br,Open Data Portal - Ministério da Justiça e Segurança Pública,https://dados.mj.gov.br,ckan,Open data portal,federal,BR,Brazil,Ministério da Justiça e Segurança Pública,Central government,https://dados.mj.gov.br/api/3,31,active
datos.mindef.gov.ar,Open data portal - Ministerio de Defensa Argentina,http://datos.mindef.gov.ar,ckan,Open data portal,federal,AR,Argentina,Ministerio de Defensa Argentina,Central government,,0,active
dados.infraestrutura.gov.br,Open Data Portal - Ministry of Infrastructure,https://dados.infraestrutura.gov.br,ckan,Open data portal,federal,BR,Brazil,Ministry of Infrastructure,Central government,,0,active
datosabiertos.mercedes.gob.ar,Open data portal - Municipalidad de Mercedes,http://datosabiertos.mercedes.gob.ar,ckan,Open data portal,local,AR,Argentina,Municipalidad de Mercedes,Local government,,0,active
datos.villamaria.gob.ar,Open data portal - Municipalidad de Villa María,https://datos.villamaria.gob.ar,ckan,Open data portal,local,AR,Argentina,Municipalidad de Villa María,Local government,,0,active
datos.vivamoscomodoro.gob.ar,Open data portal - Municipality of Comodoro Rivadavia,https://datos.vivamoscomodoro.gob.ar,ckan,Open data portal,local,AR,Argentina,Municipality of Comodoro Rivadavia,Local government,https://datos.vivamoscomodoro.gob.ar/api/3,0,active
datos.bahia.gob.ar,Open data portal - Municipio de Bahía Blanca,https://datos.bahia.gob.ar,ckan,Open data portal,local,AR,Argentina,Municipio de Bahía Blanca,Local government,,0,active
datosabiertos.municipiosanjuan.gob.ar,Open data portal - Municipio San Juan,https://datosabiertos.municipiosanjuan.gob.ar,ckan,Open data portal,local,AR,Argentina,Municipio San Juan,Local government,https://datosabiertos.municipiosanjuan.gob.ar/api/3,0,active
dados.ouropreto.mg.gov.br,Open Data Portal - Prefeitura Municipal de Ouro Preto,https://dados.ouropreto.mg.gov.br,ckan,Open data portal,federal,BR,Brazil,Prefeitura Municipal de Ouro Preto,Local government,https://dados.ouropreto.mg.gov.br/api/3,0,active
dati.regione.umbria.it,Open data portal - Regione Umbria,http://dati.regione.umbria.it/,ckan,Open data portal,state,IT,Italy,Regione Umbria,Regional government,http://dati.regione.umbria.it/api/3,457,active
data.tdm-project.it,Open data portal - Tdm Project,https://data.tdm-project.it,ckan,Open data portal,federal,IT,Italy,Tdm Project,Business,,0,active
datos.tsjbaires.gov.ar,Open data portal - Tribunal Superior de Justicia de la Ciudad,https://datos.tsjbaires.gov.ar,ckan,Open data portal,local,AR,Argentina,Tribunal Superior de Justicia de la Ciudad,Local government,https://datos.tsjbaires.gov.ar/api/3,12,active
dados.esag.udesc.br,Open Data Portal - UDESC ESAG,https://dados.esag.udesc.br,ckan,Open data portal,federal,BR,Brazil,UDESC ESAG,Academy,,0,active
opendata.unibas.it,Open data portal - Unibas,http://opendata.unibas.it,ckan,Open data portal,federal,IT,Italy,Unibas,Academy,http://opendata.unibas.it/api/3,0,active
dados.unb.br,Open Data Portal - Universidade de Brasília (UnB),https://dados.unb.br,ckan,Open data portal,federal,BR,Brazil,Universidade de Brasília (UnB),Academy,,0,active
dados.ufba.br,Open Data Portal - Universidade Federal da Bahia (UFBA),https://dados.ufba.br,ckan,Open data portal,state,BR,Brazil,Universidade Federal da Bahia (UFBA),Academy,https://dados.ufba.br/api/3,0,active
dados.unifei.edu.br,Open Data Portal - Universidade Federal de Itajubá,https://dados.unifei.edu.br,ckan,Open data portal,federal,BR,Brazil,Universidade Federal de Itajubá,Academy,https://dados.unifei.edu.br/api/3,0,active
dados.ufmg.br,Open Data Portal - Universidade Federal de Minas Gerais,https://dados.ufmg.br,ckan,Open data portal,federal,BR,Brazil,Universidade Federal de Minas Gerais,Academy,https://dados.ufmg.br/api/3,23,active
dados.ufpe.br,Open Data Portal - Universidade Federal de Pernambuco (UFPE),https://dados.ufpe.br,ckan,Open data portal,state,BR,Brazil,Universidade Federal de Pernambuco (UFPE),Academy,https://dados.ufpe.br/api/3,17,active
data.qld.gov.au,Open Data Portal | Queensland Government,https://data.qld.gov.au,ckan,Open data portal,state,AU,Australia,Queensland government,Regional government,https://data.qld.gov.au/api/3,188758,active
offenedaten.aachen.de,Open Data Portal Aachen,https://offenedaten.aachen.de,ckan,Open data portal,local,DE,Germany,Team Open Data Aachen,Local government,https://offenedaten.aachen.de/api/3,216,active
opendata.government.bg,Open Data Portal Bulgaria,https://opendata.government.bg,ckan,Open data portal,federal,BG,Bulgaria,Government of Bulgaria,Central government,https://opendata.government.bg/api/3,0,active
opendata.nesdc.go.th,Open Data Portal for Monitoring and Evaluating Government Projects under National Strategy,https://opendata.nesdc.go.th,ckan,Open data portal,federal,TH,Thailand,"Office of the National Economic and Social Development Council, NESDB (Thailand)",Central government,https://opendata.nesdc.go.th/api/3,1668,active
opendata.city.fukuroi.shizuoka.jp,"Open Data Portal Fukuroi City, Shizuoka",https://opendata.city.fukuroi.shizuoka.jp,ckan,Open data portal,local,JP,Japan,Fukuroi City,Local government,https://opendata.city.fukuroi.shizuoka.jp/api/3,0,active
open-data-portal.jp,Open Data Portal Japan,https://www.open-data-portal.jp,ckan,Open data portal,local,JP,Japan,Karatsu City,Local government,,0,active
jerusalem.datacity.org.il,Open data portal Jerusalem,https://jerusalem.datacity.org.il,ckan,Open data portal,state,IL,Israel,Israel Innovation Authority,Central government,https://jerusalem.datacity.org.il/api/3,114,active
opendata.ruhr,Open Data Portal Metropole Ruhr,https://opendata.ruhr,ckan,Open data portal,state,DE,Germany,Projektbüro Digitale Metropole Ruhr,Regional government,https://opendata.ruhr/api/3,0,active
data.health.gov.lk,Open Data Portal Ministry of Health Sri Lanka,https://data.health.gov.lk,ckan,Open data portal,federal,LK,Sri Lanka,inistry of Health Sri Lanka,Business,https://data.health.gov.lk/api/3,0,active
opendata.muenchen.de,Open Data Portal München,https://opendata.muenchen.de,ckan,Open data portal,local,DE,Germany,Landeshauptstadt München,Local government,https://opendata.muenchen.de/api/3,332,active
ckan.dubno-adm.rv.ua,Open Data Portal of Dubno City Administration,https://ckan.dubno-adm.rv.ua,ckan,Open data portal,federal,UA,Ukraine,Local Government of Dubno Adm,Local government,https://ckan.dubno-adm.rv.ua/api/3,0,active
opencom.no,Open Data Portal of Stavanger Municipality,https://opencom.no,ckan,Open data portal,state,NO,Norway,Stavanger Municipality,Regional government,https://opencom.no/api/3,359,active
opendata.agrinio.gov.gr,Open Data Portal of the Municipality of Agrinio,https://opendata.agrinio.gov.gr,ckan,Open data portal,local,GR,Greece,Municipality of Agrinio,Local government,,0,active
opendata.chalandri.gr,Open Data Portal of the Municipality of Chalandri,https://opendata.chalandri.gr,ckan,Open data portal,local,GR,Greece,Chalandri Municipality,Local government,https://opendata.chalandri.gr/api/3,0,active
civilprodata.heraklion.gr,Open Data Portal of the Municipality of Heraklion (Civil Protection),https://civilprodata.heraklion.gr/,ckan,Open data portal,federal,GR,Greece,Municipality of Heraklion,Local government,https://civilprodata.heraklion.gr/api/3,32,active
dadosdesertificacao.pt,Open Data Portal of the National Desertification Observatory,https://dadosdesertificacao.pt,ckan,Open data portal,federal,PT,Portugal,National Desertification Observatory (OND),Academy,https://dadosdesertificacao.pt/api/3,0,active
opendata.rvr.ruhr,Open Data Portal Ruhr,https://opendata.rvr.ruhr,ckan,Open data portal,state,DE,Germany,Regionalverband Ruhr,Regional government,https://opendata.rvr.ruhr/api/3,2946,active
opendata.arnsberg.de,Open Data Portal Stadt Arnsberg,https://opendata.arnsberg.de/,ckan,Open data portal,local,DE,Germany,Stadt Arnsberg,Local government,https://opendata.arnsberg.de/api/3,40,active
opendata.olpe.de,Open Data Portal Stadt Olpe,https://opendata.olpe.de/,ckan,Open data portal,local,DE,Germany,Stadt Olpe,Local government,https://opendata.olpe.de/api/3,8,active
opendata.thanhhoa.gov.vn,Open data portal Thanh Hoa province,https://opendata.thanhhoa.gov.vn,ckan,Open data portal,state,VN,Vietnam,Thanh Hoa province,Regional government,https://opendata.thanhhoa.gov.vn/api/3,85,active
opendata.provincia.padova.it,Open data Provincia di Padova,https://opendata.provincia.padova.it,ckan,Open data portal,local,IT,Italy,Provincia di Padova,Local government,https://opendata.provincia.padova.it/api/3,10,active
data.papuabaratprov.go.id,Open Data Provinsi Papua Barat,https://data.papuabaratprov.go.id,ckan,Open data portal,state,ID,Indonesia,Pemerintah Provinsi Papua Barat,Regional government,,0,active
data.pu.go.id,Open Data PU | Kementerian Pekerjaan Umum,https://data.pu.go.id,ckan,Open data portal,federal,ID,Indonesia,Kementerian Pekerjaan Umum,Central government,,0,active
opendata.pfaff-reallabor.de,Open Data Reallabor Pfaff,https://opendata.pfaff-reallabor.de,ckan,Open data portal,state,DE,Germany,Reallabor Pfaff (EnStadt:Pfaff),Other,https://opendata.pfaff-reallabor.de/api/3,0,active
opendata.int.recitty.com,Open Data Recitty,https://opendata.int.recitty.com/,ckan,Open data portal,federal,World,World,Nexus Geographics,Private,https://opendata.int.recitty.com/api/3,0,active
dati.regione.sicilia.it,Open Data Regione Siciliana,https://dati.regione.sicilia.it,ckan,Open data portal,state,IT,Italy,Regione Siciliana,Regional government,https://dati.regione.sicilia.it/api/3,0,active
opendata.rsadhyatma.jatengprov.go.id,Open Data RS Adhyatma Jateng,https://opendata.rsadhyatma.jatengprov.go.id,ckan,Open data portal,state,ID,Indonesia,RS Adhyatma Jawa Tengah,Regional government,https://opendata.rsadhyatma.jatengprov.go.id/api/3,0,active
opendata.luke.fi,Open Data Service (Luke),https://opendata.luke.fi,ckan,Open data portal,federal,FI,Finland,Natural Resources Center (Luke),Academy,https://opendata.luke.fi/api/3,128,active
opendata.sidoarjokab.go.id,Open Data Sidoarjo,https://opendata.sidoarjokab.go.id,ckan,Open data portal,local,ID,Indonesia,Sidoarjo Regency Government,Local government,https://opendata.sidoarjokab.go.id/api/3,0,active
opendata.smartmannheim.de,Open Data Smart Mannheim,https://opendata.smartmannheim.de,ckan,Open data portal,local,DE,Germany,Stadt Mannheim,Local government,https://opendata.smartmannheim.de/api/3,18,active
opendata.terrassa.cat,Open Data Terrassa Open Data Portal,https://opendata.terrassa.cat,ckan,Open data portal,local,ES,Spain,Open Data Terrassa,Local government,https://opendata.terrassa.cat/api/3,0,active
ckan.tirana.al,Open Data Tirana,https://ckan.tirana.al,ckan,Open data portal,local,AL,Albania,The Municipality of Tirana,Local government,https://ckan.tirana.al/api/3,246,active
opendata.mzv.sk,Open Data údaje MZVEZ SR,https://opendata.mzv.sk,ckan,Open data portal,federal,SK,Slovakia,Ministry of Foreign and European Affairs of the Slovak Republic.,Central government,https://opendata.mzv.sk/api/3,32,active
opendata.ugr.es,Open Data Universidad de Granada,https://opendata.ugr.es/dataset,ckan,Open data portal,state,ES,Spain,Open Data Universidad de Granada,University,https://opendata.ugr.es/api/3,61,active
upvtransparente.upv.es,Open Data UPV (UPVTransparent),https://upvtransparente.upv.es,ckan,Open data portal,state,ES,Spain,Universitat Politècnica de València,Academy,https://upvtransparente.upv.es/api/3,97,active
data.overheid.nl,Open data van de Overheid,https://data.overheid.nl,ckan,Open data portal,federal,NL,Netherlands,The Dutch government,Central government,https://data.overheid.nl/data/api/3,18964,active
data.zagreb.hr,Open Data Zagreb,https://data.zagreb.hr,ckan,Open data portal,local,HR,Croatia,Zagreb City,Local government,http://data.zagreb.hr/api/3,207,active
opendata.leipzig.de,Open Data-Portal der Stadt Leipzig,https://opendata.leipzig.de,ckan,Open data portal,local,DE,Germany,Die Stadt Leipzig,Local government,https://opendata.leipzig.de/api/3,388,active
data.opendevelopmentmekong.net,Open Development Mekong Datahub,https://data.opendevelopmentmekong.net,ckan,Open data portal,federal,TH,Thailand,Open Development Mekong,Civil society,https://data.opendevelopmentmekong.net/api/3,13240,active
rinkiniai.lietuvosfinansai.lt,OPEN FINANCES OF LITHUANIA data portal,https://rinkiniai.lietuvosfinansai.lt,ckan,Open data portal,federal,LT,Lithuania,The Ministry of Finance of the Republic of Lithuania,Central government,https://rinkiniai.lietuvosfinansai.lt/api/3,0,active
data.go.th,Open Government Data of Thailand,https://data.go.th,ckan,Open data portal,federal,TH,Thailand,Government of Thailand,Central government,https://data.go.th/api/3,0,active
open.canada.ca,Open Government Portal - Canada.ca,https://open.canada.ca,ckan,Open data portal,federal,CA,Canada,Government of Canada,Central government,https://open.canada.ca/data/api/3,46664,active
jaljulia.datacity.org.il,Open information portal Jaljulia,https://jaljulia.datacity.org.il,ckan,Open data portal,local,IL,Israel,Jaljulia Local Council,Local government,https://jaljulia.datacity.org.il/api/3,7,active
maale-adummim.datacity.org.il,Open information portal Ma'ale Adumim,https://maale-adummim.datacity.org.il,ckan,Open data portal,local,IL,Israel,Ma'ale Adumim,Local government,https://maale-adummim.datacity.org.il/api/3,32,active
haifa.datacity.org.il,Open information portal Netanya,https://haifa.datacity.org.il,ckan,Open data portal,local,IL,Israel,Haifa city government,Local government,https://haifa.datacity.org.il/api/3,80,active
netanya.datacity.org.il,Open information portal Netanya,https://netanya.datacity.org.il,ckan,Open data portal,local,IL,Israel,Netanya,Local government,https://netanya.datacity.org.il/api/3,28,active
rishonlezion.datacity.org.il,Open information portal Rishon Lezion,https://rishonlezion.datacity.org.il,ckan,Open data portal,local,IL,Israel,Rishon Lezion,Local government,https://rishonlezion.datacity.org.il/api/3,8,active
nosdonnees.fr,Open Knowledge Foundation and Regards Citoyens (formerly) Open data portal,https://nosdonnees.fr,ckan,Open data portal,federal,FR,France,Open Knowledge Foundation and Regards Citoyens (formerly),Civil society,http://nosdonnees.fr/api/3,0,active
csdlcntmgialai.gov.vn,Open repository of information and data on industry and commerce of Gia Lai province.,http://csdlcntmgialai.gov.vn,ckan,Open data portal,state,VN,Vietnam,Gia Lai Provincial Department of Industry and Trade,Regional government,http://csdlcntmgialai.gov.vn/api/3,0,active
data.openstate.eu,Open State Foundation Open Data Portal,https://data.openstate.eu,ckan,Open data portal,federal,NL,Netherlands,Open State Foundation,Civil society,https://data.openstate.eu/api/3,90,active
opentreebase.datacity.org.il,Open Tree Base,https://opentreebase.datacity.org.il,ckan,Open data portal,federal,IL,Israel,The Public Knowledge Workshop,Non-profit,https://opentreebase.datacity.org.il/api/3,26,active
data.openwind.energy,Open Wind Energy,https://data.openwind.energy/,ckan,Open data portal,federal,GB,United Kingdom,Open Wind Energy,Other,,0,active
opendata.schleswig-holstein.de,Open-Data-Leitfaden Schleswig-Holstein,https://opendata.schleswig-holstein.de,ckan,Open data portal,state,DE,Germany,Schleswig-Holstein,Regional government,https://opendata.schleswig-holstein.de/api/3,31203,active
ckan-open-nrw.nrw.de,Open.NRW CKAN,https://ckan-open-nrw.nrw.de,ckan,Open data portal,state,DE,Germany,Landesregierung Nordrhein-Westfalen,Regional government,https://ckan-open-nrw.nrw.de/api/3,11121,active
dati.toscana.it,OpenData - Regione Toscana,https://dati.toscana.it,ckan,Open data portal,state,IT,Italy,Regione Toscana,Regional government,https://dati.toscana.it/api/3,13002,active
opendata.comune.bari.it,Opendata Comune di Bari,https://opendata.comune.bari.it,ckan,Open data portal,local,IT,Italy,Comune di Bari,Local government,https://opendata.comune.bari.it/api/3,0,active
opendata.comune.fano.pu.it,Opendata Comune di Fano,https://opendata.comune.fano.pu.it,ckan,Open data portal,local,IT,Italy,Comune di Fano,Local government,https://opendata.comune.fano.pu.it/api/3,35,active
dati.comune.genova.it,OpenData Comune di Genova,https://dati.comune.genova.it,ckan,Open data portal,local,IT,Italy,Comune di Genova,Local government,https://dati.comune.genova.it/api/3,158,active
opendata.comune.ra.it,Opendata Comune di Ravenna,https://opendata.comune.ra.it,ckan,Open data portal,federal,IT,Italy,Comune di Ravenna,Local government,https://opendata.comune.ra.it/api/3,0,active
opendata.euroinfosicilia.it,OpenData EuroInfoSicilia,https://opendata.euroinfosicilia.it,ckan,Open data portal,local,IT,Italy,OpenData EuroInfoSicilia,Local government,https://opendata.euroinfosicilia.it/api/3,97,active
opendata.fdlmes.gr,Opendata Geoportal - Management Agency of the Mesologi Lagoon,https://opendata.fdlmes.gr,ckan,Open data portal,federal,GR,Greece,Management Agency of the Mesologi Lagoon,Local government,,0,active
opendata.imetb.gr,Opendata Geoportal - Not specified in available sources,https://opendata.imetb.gr,ckan,Open data portal,federal,GR,Greece,Not specified in available sources,Academy,https://opendata.imetb.gr/api/3,0,active
dati.comune.mt.it,OpenData Matera,https://dati.comune.mt.it,ckan,Open data portal,local,IT,Italy,Comune di Matera,Local government,https://dati.comune.mt.it/api/3,250,active
opendata.mmdecin.cz,opendata města Děčín,https://opendata.mmdecin.cz,ckan,Open data portal,federal,CZ,Czech Republic,Magistrát města Děčín,Local government,https://opendata.mmdecin.cz/api/3,0,active
dati.comune.milano.it,OpenData Milano,https://dati.comune.milano.it,ckan,Open data portal,local,IT,Italy,Comune di Milano,Local government,https://dati.comune.milano.it/api/3,2581,active
opendata.gera.de,OpenData Portal Gera,https://opendata.gera.de,ckan,Open data portal,local,DE,Germany,Stadt Gera,Local government,https://opendata.gera.de/api/3,13,active
opendata.kaiserslautern.de,OpenData Portal Kaiserslautern,https://opendata.kaiserslautern.de/,ckan,Open data portal,local,DE,Germany,City of Kaiserslautern,Local government,https://opendata.kaiserslautern.de/api/3,40,active
data.purworejokab.go.id,Opendata Purworejo,https://data.purworejokab.go.id,ckan,Open data portal,local,ID,Indonesia,Pemerintah Kabupaten Purworejo (Purworejo Regency Government),Local government,https://data.purworejokab.go.id/api/3,623,active
opendata.comune.rimini.it,OpenData Rimini - Comune di Rimini,https://opendata.comune.rimini.it,ckan,Open data portal,local,IT,Italy,Comune di Rimini,Local government,https://opendata.comune.rimini.it/api/3,72,active
opendata.regione.sardegna.it,OpenData Sardegna,http://opendata.regione.sardegna.it,ckan,Open data portal,state,IT,Italy,Regione di Sardegna,Regional government,https://dati.regione.sardegna.it/api/3,0,active
opendata.uniba.it,OpenData UniBa,https://opendata.uniba.it,ckan,Open data portal,federal,IT,Italy,University of Bari Aldo Moro,Academy,https://opendata.uniba.it/api/3,105,active
opendata.univaq.it,Opendata Universita degli Studi dell'Aquila,https://opendata.univaq.it,ckan,Open data portal,state,IT,Italy,Universita degli Studi dell'Aquila,Academy,https://opendata.univaq.it/api/3,13,active
opendata.stuttgart.de,OpenData@Stuttgart,https://opendata.stuttgart.de/,ckan,Open data portal,local,DE,Germany,Landeshauptstadt Stuttgart,Local government,https://opendata.stuttgart.de/api/3,110,active
opendataportal.at,OpenDataPortal Katalog (Austria),https://www.opendataportal.at/katalog,ckan,Open data portal,federal,AT,Austria,Cooperation OGD Austria,Central government,https://www.opendataportal.at/katalog/api/3,0,active
openkg.cn,OpenKG Data Catalog,http://openkg.cn,ckan,Open data portal,federal,CN,China,Chinese Information Society of China,Civil society,http://openkg.cn/api/3,0,active
data.openup.org.za,OpenUp Data Catalog,https://data.openup.org.za,ckan,Open data portal,federal,ZA,South Africa,OpenUp Non-profit org.,Civil society,https://data.openup.org.za/api/3,0,active
orcamentoaberto.prefeitura.sp.gov.br,Orçamento Aberto - Prefeitura de São Paulo,https://orcamentoaberto.prefeitura.sp.gov.br,ckan,Open data portal,local,BR,Brazil,Prefeitura Municipal de São Paulo,Local government,https://orcamentoaberto.prefeitura.sp.gov.br/api/3,104,active
acikveri.ordu.bel.tr,Ordu Metropolitan Municipality Open Data Platform,https://acikveri.ordu.bel.tr,ckan,Open data portal,state,TR,Turkey,Ordu Metropolitan Municipality,Regional government,https://acikveri.ordu.bel.tr/api/3,0,active
data.tokyo-omy-w.jp,Otemachi-Marunouchi-Yurakucho (OMY) Data Library!,https://data.tokyo-omy-w.jp,ckan,Open data portal,state,JP,Japan,Otemachi-Marunouchi-Yurakucho,Regional government,https://data.tokyo-omy-w.jp/api/3,23,active
opendata.mzp.cz,Otevřená data resortu životního prostředí,https://opendata.mzp.cz,ckan,Open data portal,federal,CZ,Czech Republic,Ministerstvo životního prostředí,Central government,https://opendata.mzp.cz/api/3,0,active
od.city.otsu.lg.jp,Otsu City Open Data Portal,https://od.city.otsu.lg.jp,ckan,Open data portal,local,JP,Japan,City of Otsu,Local government,https://od.city.otsu.lg.jp/api/3,0,active
app.podaci.gov.ba,Otvoreni podaci Bosnia and Herzegovina,http://app.podaci.gov.ba,ckan,Open data portal,federal,BA,Bosnia and Herzegovina,Council of Ministers of Bosnia and Herzegovina.,Central government,http://app.podaci.gov.ba/api/3,0,active
opendataprijedor.ba,Otvoreni podaci Grada Prijedor,https://opendataprijedor.ba,ckan,Open data portal,federal,BA,Bosnia and Herzegovina,Grad Prijedor,Local government,https://opendataprijedor.ba/api/3,0,active
opendata.virovitica.hr,Otvoreni podaci Virovitica,http://opendata.virovitica.hr,ckan,Open data portal,local,HR,Croatia,City of Virovitica,Local government,http://opendata.virovitica.hr/api/3,0,active
otwartedane.gdynia.pl,Otwarte Dane Gdynia,https://otwartedane.gdynia.pl,ckan,Open data portal,local,PL,Poland,Gdynia City Hall,Local government,https://otwartedane.gdynia.pl/api/3,270,active
opendata.gis.kolobrzeg.pl,Otwarte dane Kołobrzeg,http://opendata.gis.kolobrzeg.pl,ckan,Open data portal,local,PL,Poland,Urząd Miasta Kołobrzeg,Local government,http://opendata.gis.kolobrzeg.pl/api/3,71,active
otwartedane.lublin.eu,Otwarte Dane Miasta Lublin,https://otwartedane.lublin.eu,ckan,Open data portal,local,PL,Poland,Lublin City Hall,Local government,https://otwartedane.lublin.eu/api/3,169,active
opentourism.net,Outdooractive Open Data Portal,https://www.opentourism.net,ckan,Open data portal,federal,DE,Germany,Outdooractive,Business,https://www.opentourism.net/api/3,0,active
www1.city.tamba.lg.jp,Output must be CSV or JSON according to user request.,https://www1.city.tamba.lg.jp,ckan,Open data portal,local,JP,Japan,Tamba City,Local government,https://www1.city.tamba.lg.jp/api/3,0,active
data-portal.hpc.swin.edu.au,OzSTAR Data Catalog Portal,https://data-portal.hpc.swin.edu.au,ckan,Open data portal,state,AU,Australia,Swinburne University of Technology,Academy,https://data-portal.hpc.swin.edu.au/api/3,41,active
opendata.ozwillo.com,Ozwillo Open Data Portal,https://opendata.ozwillo.com,ckan,Open data portal,federal,FR,France,Ozwillo,Business,https://opendata.ozwillo.com/fr/api/3,0,active
pacificdata.org,Pacific Data Hub,https://pacificdata.org,ckan,Open data portal,federal,Oceania,Oceania,Pacific Community (SPC),International,https://pacificdata.org/data/api/3,0,active
satudata.padang.go.id,Padang City Government (Pemko Padang) Open Data Portal,https://satudata.padang.go.id,ckan,Open data portal,local,ID,Indonesia,Padang City Government (Pemko Padang),Local government,https://satudata.padang.go.id/api/3,484,active
datenportal.pado-projekt.de,PADO project Open Data Portal,https://datenportal.pado-projekt.de,ckan,Open data portal,federal,DE,Germany,PADO project,Academy,https://datenportal.pado-projekt.de/api/3,0,active
opendata.pandeglangkab.go.id,Pandeglangkab Open Data Portal,https://opendata.pandeglangkab.go.id,ckan,Open data portal,local,ID,Indonesia,Pandeglang Regency Government,Local government,https://opendata.pandeglangkab.go.id/api/3,1584,active
pandoradata.earth,Pandora a grassroots initiative,https://pandoradata.earth,ckan,Open data portal,federal,DE,Germany,Max Planck Computing and Data Facility,Academy,https://pandoradata.earth/api/3,82,active
datos.parcan.es,Parlamento de Canarias Open Data Portal,https://datos.parcan.es,ckan,Open data portal,state,ES,Spain,Parlamento de Canarias,Regional government,https://datos.parcan.es/api/3,4346,active
repository.participatorylab.org,ParticipatoryLab Repository,https://repository.participatorylab.org,ckan,Open data portal,federal,GR,Greece,The participatory LAB,Academy,,0,active
data.pasamanbaratkab.go.id,Pasaman Barat Regency Government Open Data Portal,https://data.pasamanbaratkab.go.id,ckan,Open data portal,local,ID,Indonesia,Pasaman Barat Regency Government,Local government,https://data.pasamanbaratkab.go.id/api/3,0,active
ckan.pdmo.go.th,PDMO data catalog  (Thailand),https://ckan.pdmo.go.th,ckan,Open data portal,federal,TH,Thailand,Public Debt Management Office (PDMO) (Thailand),Central government,https://ckan.pdmo.go.th/api/3,0,active
ckan.pearlpv-cost.eu,Pearl PV CKAN Repository,https://ckan.pearlpv-cost.eu,ckan,Open data portal,federal,EU,European Union,Performance and Reliability of Photovoltaic Systems. Evaluations of Large-Scale Monitoring Data,Academy,https://ckan.pearlpv-cost.eu/api/3,4,active
pei.dede.go.th,PEI DEDE Catalog,https://pei.dede.go.th,ckan,Open data portal,federal,TH,Thailand,"Department of Alternative Energy Development and Efficiency (DEDE), Thailand",Central government,https://pei.dede.go.th/api/3,116,active
data.pekalongankab.go.id,Pekalongan Regency Government Open Data Portal,https://data.pekalongankab.go.id,ckan,Open data portal,state,ID,Indonesia,Pekalongan Regency Government,Regional government,https://data.pekalongankab.go.id/api/3,2525,active
data.acehbaratkab.go.id,Pemerintah Kabupaten Aceh Barat Open Data Portal,https://data.acehbaratkab.go.id,ckan,Open data portal,state,ID,Indonesia,Pemerintah Kabupaten Aceh Barat,Regional government,,0,active
data.acehjayakab.go.id,Pemerintah Kabupaten Aceh Jaya Open Data Portal,https://data.acehjayakab.go.id,ckan,Open data portal,local,ID,Indonesia,Pemerintah Kabupaten Aceh Jaya,Local government,,0,active
opendata.bogorkab.go.id,Pemerintah Kabupaten Bogor Open Data Portal,https://opendata.bogorkab.go.id,ckan,Open data portal,state,ID,Indonesia,Pemerintah Kabupaten Bogor,Regional government,https://opendata.bogorkab.go.id/api/3,0,active
data.kamparkab.go.id,Pemerintah Kabupaten Kampar Open Data Portal,https://data.kamparkab.go.id,ckan,Open data portal,local,ID,Indonesia,Pemerintah Kabupaten Kampar,Local government,https://data.kamparkab.go.id/api/3,218,active
data.pidiejayakab.go.id,Pemerintah Kabupaten Pidie Jaya Open Data Portal,https://data.pidiejayakab.go.id,ckan,Open data portal,local,ID,Indonesia,Pemerintah Kabupaten Pidie Jaya,Local government,https://data.pidiejayakab.go.id/api/3,204,active
opendata.solselkab.go.id,Pemerintah Kabupaten Solok Selatan Open Data Portal,https://opendata.solselkab.go.id,ckan,Open data portal,local,ID,Indonesia,Pemerintah Kabupaten Solok Selatan,Local government,https://opendata.solselkab.go.id/api/3,0,active
danta-admin.bekasikota.go.id,Pemerintah Kota Bekasi Open Data Portal,https://danta-admin.bekasikota.go.id,ckan,Open data portal,local,ID,Indonesia,Pemerintah Kota Bekasi,Local government,https://danta-admin.bekasikota.go.id/api/3,0,active
opendata.penghu.gov.tw,Penghu County Government Open Data Portal,https://opendata.penghu.gov.tw,ckan,Open data portal,state,TW,Taiwan,Penghu County Government,Regional government,https://opendata.penghu.gov.tw/api/3,518,active
data.pkc.gov.uk,Perth and Kinross Open Data Portal,https://data.pkc.gov.uk,ckan,Open data portal,local,GB,United Kingdom,Perth and Kinross,Local government,,0,active
data.pesisirselatankab.go.id,Pesisir Selatan Regency Government Open Data Portal,https://data.pesisirselatankab.go.id,ckan,Open data portal,local,ID,Indonesia,Pesisir Selatan Regency Government,Local government,https://data.pesisirselatankab.go.id/api/3,35,active
pgeo.cm-castrodaire.pt,PGeo Castro Daire - Câmara Municipal de Castro Daire,https://www.pgeo.cm-castrodaire.pt,ckan,Open data portal,local,PT,Portugal,Câmara Municipal de Castro Daire,Local government,https://www.pgeo.cm-castrodaire.pt/api/3,0,active
phetchaburi.gdcatalog.go.th,Phetchaburi Provincial Open Data Portal,https://phetchaburi.gdcatalog.go.th,ckan,Open data portal,local,TH,Thailand,Phetchaburi Provincial Administration,Local government,https://phetchaburi.gdcatalog.go.th/api/3,291,active
opendata.picturae.com,Picturae Open Data,https://opendata.picturae.com,ckan,Open data portal,federal,NL,Netherlands,Picturae,Business,https://opendata.picturae.com/api/3,0,active
data.pidiekab.go.id,Pidie Regency Government (Pemerintah Kabupaten Pidie) Open Data Portal,https://data.pidiekab.go.id,ckan,Open data portal,local,ID,Indonesia,Pidie Regency Government (Pemerintah Kabupaten Pidie),Local government,https://data.pidiekab.go.id/api/3,575,active
pilot.data.gov.la,Pilot Data Portal - Laos,https://pilot.data.gov.la/,ckan,Open data portal,federal,LA,Laos,"Digital Government Administration Center, Ministry of Technology and Communications",Central government,https://pilot.data.gov.la/api/3,0,active
data.pknu.ac.kr,PKNU Data Catalog,https://data.pknu.ac.kr,ckan,Open data portal,federal,KR,South Korea,Pukyong National University,Academy,https://data.pknu.ac.kr/api/3,0,active
opendata-valencia.iotplatform.telefonica.com,Plataforma VLCi,https://opendata-valencia.iotplatform.telefonica.com,ckan,Open data portal,local,ES,Spain,Ayuntamiento de Valencia,Local government,https://opendata-valencia.iotplatform.telefonica.com/api/3,310,active
plymouth.thedata.place,Plymouth Data Place - Open Data Portal,https://plymouth.thedata.place,ckan,Open data portal,federal,GB,United Kingdom,Thedata,Academy,,0,active
data.pointblue.org,Point Blue Data Catalog,https://data.pointblue.org/apps/data_catalog/,ckan,Open data portal,state,US,United States,Point Blue Conservation Science,Civil society,,0,active
pcd.gdcatalog.go.th,"Pollution Control Department (PCD), Thailand Open Data Portal",https://pcd.gdcatalog.go.th,ckan,Open data portal,federal,TH,Thailand,"Pollution Control Department (PCD), Thailand",Central government,https://pcd.gdcatalog.go.th/api/3,0,active
dataportal.ponderful.eu,PONDERFUL Information Platform,https://dataportal.ponderful.eu,ckan,Open data portal,federal,EU,European Union,PONDERFUL Project,Academy,https://dataportal.ponderful.eu/api/3,700,active
opendata.ponferrada.org,Ponferrada 3.0 Open Data Catalog,https://opendata.ponferrada.org,ckan,Open data portal,federal,ES,Spain,Municipality of Ponferrada,Local government,,0,active
statistics.ukdataservice.ac.uk,Population statistics from the UK censuses,https://statistics.ukdataservice.ac.uk,ckan,Open data portal,federal,GB,United Kingdom,UK Data Service,Academy,https://statistics.ukdataservice.ac.uk/api/3,905,active
risp.puertosdetenerife.org,Port Authority of Santa Cruz de Tenerife - Statistics,https://risp.puertosdetenerife.org,ckan,Open data portal,state,ES,Spain,Autoridad Portuaria de Santa Cruz de Tenerife,Regional government,https://risp.puertosdetenerife.org/api/3,0,active
openbaladiati.tn,Portail des données ouvertes des Municipalités,http://openbaladiati.tn,ckan,Open data portal,federal,TN,Tunisia,Anshar Association,Civil society,http://openbaladiati.tn/api/3,0,active
data.gov.ma,Portail Open Data - Données ouvertes du Maroc,https://www.data.gov.ma,ckan,Open data portal,federal,MA,Morocco,Government of Morocco,Central government,http://www.data.gov.ma/data/api/3,663,active
opendata.nicecotedazur.org,Portail Open data mutualisé de Nice Côte d'Azur,https://opendata.nicecotedazur.org,ckan,Open data portal,local,FR,France,Nice Côte d'Azur,Local government,,0,active
trouver.crige-paca.org,Portail OpenData Tefenua,https://trouver.crige-paca.org,ckan,Open data portal,state,FR,France,The Geographic Information Resource Center in Provence-Alpes-Côte d'Azur (CRIGE PACA),Regional government,,0,active
datosabiertos.dip-badajoz.es,Portal  de Datos Abiertos Diputación de Badajoz,https://datosabiertos.dip-badajoz.es/dataset,ckan,Open data portal,local,ES,Spain,Portal  de Datos Abiertos Diputación de Badajoz,Local government,https://datosabiertos.dip-badajoz.es/api/3,107,active
data.belitung.go.id,Portal Belitung Satu Data,https://data.belitung.go.id,ckan,Open data portal,local,ID,Indonesia,Dinas Komunikasi dan Informatika Kabupaten Belitung,Local government,https://data.belitung.go.id/api/3,961,active
data.bontangkota.go.id,Portal Bontang Satu Data,https://data.bontangkota.go.id,ckan,Open data portal,local,ID,Indonesia,Pemerintah Kota Bontang,Local government,https://data.bontangkota.go.id/api/3,0,active
web.transparencia.pe.gov.br,Portal da Transparência – Governo de Pernambuco,https://web.transparencia.pe.gov.br,ckan,Open data portal,federal,BR,Brazil,Governo de Pernambuco,Regional government,http://web.transparencia.pe.gov.br/ckan/api/3,0,active
dados.natal.br,Portal da Transparência da Mobilidade Urbana de Natal,https://dados.natal.br,ckan,Open data portal,local,BR,Brazil,Urbana de Natal,Local government,,0,active
transparencia.mg.gov.br,Portal da Transparência é uma iniciativa do Governo do Estado de Minas Gerais,https://www.transparencia.mg.gov.br,ckan,Open data portal,state,BR,Brazil,Estado de Minas Gerais,Regional government,http://www.transparencia.mg.gov.br/dados-abertos/ckan/api/3,0,active
dados.cvm.gov.br,Portal Dados Abertos CVM,https://dados.cvm.gov.br,ckan,Open data portal,federal,BR,Brazil,Comissao de Valores Mobiliarios,Central government,https://dados.cvm.gov.br/api/3,54,active
data.bangkalankab.go.id,Portal Data Bangkalan,https://data.bangkalankab.go.id,ckan,Open data portal,local,ID,Indonesia,Bangkalan Regency,Local government,https://data.bangkalankab.go.id/api/3,0,active
data.wonogirikab.go.id,PORTAL DATA KABUPATEN WONOGIRI,https://data.wonogirikab.go.id,ckan,Open data portal,local,ID,Indonesia,Wonogiri Regency,Local government,,0,active
data.tangerangselatankota.go.id,Portal Data Kota Tangerang Selatan,https://data.tangerangselatankota.go.id,ckan,Open data portal,local,ID,Indonesia,Diskominfo Kota Tangerang Selatan,Local government,https://data.tangerangselatankota.go.id/api/3,0,active
data.lamongankab.go.id,Portal Data Lamongan,https://data.lamongankab.go.id,ckan,Open data portal,local,ID,Indonesia,Lamongan Regency,Local government,https://data.lamongankab.go.id/api/3,3274,active
portalsatudata.simalungunkab.go.id,Portal Data Simalungun,https://portalsatudata.simalungunkab.go.id,ckan,Open data portal,local,ID,Indonesia,Pemerintah Kabupaten Simalungun,Local government,https://portalsatudata.simalungunkab.go.id/api/3,0,active
data.rsud.tulungagung.go.id,Portal Data Terbuka RSUD dr. Iskak Tulungagung,https://data.rsud.tulungagung.go.id,ckan,Open data portal,state,ID,Indonesia,"Government hospital in Tulungagung Regency, Indonesia",Regional government,https://data.rsud.tulungagung.go.id/api/3,147,active
data.cilacapkab.go.id,Portal Data Terpadu Kabupaten Cilacap,https://data.cilacapkab.go.id,ckan,Open data portal,local,ID,Indonesia,Cilacap Regency,Local government,https://data.cilacapkab.go.id/api/3,0,active
algeciras-opendata.enmapa.com,Portal Datos Abiertos - Ay. Algeciras,https://algeciras-opendata.enmapa.com/,ckan,Open data portal,local,ES,Spain,Ayuntamiento de Algeciras,Local government,,0,active
moguer-ckan.innovasur.com,Portal Datos Abiertos - Ay. Moguer,https://moguer-ckan.innovasur.com/,ckan,Open data portal,local,ES,Spain,Ayuntamiento de Moguer,Local government,,0,active
datos.neuquen.gob.ar,Portal Datos Abiertos - Gobierno de la Provincia del Neuquén,http://datos.neuquen.gob.ar,ckan,Open data portal,state,AR,Argentina,Gobierno de la Provincia del Neuquén,Regional government,http://datos.neuquen.gob.ar/api/3,0,active
intranet.caib.es,Portal Datos Abiertos GOIB,https://intranet.caib.es/opendatacataleg/dataset,ckan,Open data portal,state,ES,Spain,Govern de les Illes Balears,Regional government,,0,active
dadesobertes.molletvalles.cat,Portal de dades obertes de Mollet del Vallès,https://dadesobertes.molletvalles.cat,ckan,Open data portal,local,ES,Spain,Ajuntament de Mollet del Vallès,Local government,https://dadesobertes.molletvalles.cat/api/3,10,active
dadosabertos.porto.digital,Portal de Dados - Câmara Municipal do Porto,https://dadosabertos.porto.digital,ckan,Open data portal,local,PT,Portugal,Câmara Municipal do Porto,Local government,https://dadosabertos.porto.digital/api/3,110,active
dados.antt.gov.br,Portal de Dados Abertos ANTT,https://dados.antt.gov.br,ckan,Open data portal,federal,BR,Brazil,Agência Nacional de Transportes Terrestres - ANTT,Central government,https://dados.antt.gov.br/api/3,105,active
dados.ana.gov.br,Portal de Dados Abertos da Agência Nacional de Águas e Saneamento Básico,https://dados.ana.gov.br,ckan,Open data portal,federal,BR,Brazil,National Water and Basic Sanitation Agency,Central government,,0,active
dados.prefeitura.sp.gov.br,Portal de Dados Abertos da Cidade de São Paulo,https://dados.prefeitura.sp.gov.br,ckan,Open data portal,local,BR,Brazil,City of San Paulo,Local government,http://dados.prefeitura.sp.gov.br/api/3,0,active
dados.recife.pe.gov.br,Portal de Dados Abertos da Cidade do Recife,https://dados.recife.pe.gov.br,ckan,Open data portal,local,BR,Brazil,City of Recife,Local government,http://dados.recife.pe.gov.br/api/3,221,active
dadosabertos.embratur.com.br,Portal de Dados Abertos da Embratur,https://dadosabertos.embratur.com.br,ckan,Open data portal,federal,BR,Brazil,Embratur - Agência Brasileira de Promoção Internacional do Turismo,Central government,,0,active
ckan.pbh.gov.br,Portal de Dados Abertos da PBH,https://ckan.pbh.gov.br,ckan,Open data portal,local,BR,Brazil,"Not explicitly stated in provided content, but domain suggests Belo Horizonte (BH) local government",Local government,,0,active
dados.mogidascruzes.sp.gov.br,Portal de Dados Abertos da Prefeitura de Mogi das Cruzes,https://dados.mogidascruzes.sp.gov.br,ckan,Open data portal,local,BR,Brazil,Prefeitura Municipal de Mogi das Cruzes,Local government,https://dados.mogidascruzes.sp.gov.br/api/3,86,active
dadosabertos.presidencia.gov.br,Portal de Dados Abertos da Presidência da República,https://dadosabertos.presidencia.gov.br,ckan,Open data portal,federal,BR,Brazil,Presidência da República,Central government,,0,active
data.se.df.gov.br,Portal de Dados Abertos da SEEDF,https://data.se.df.gov.br,ckan,Open data portal,state,BR,Brazil,Secretaria de Estado de Educacao do Distrito Federal (SEEDF),Regional government,https://data.se.df.gov.br/api/3,16,active
dados.ufes.br,Portal de Dados Abertos da UFES,https://dados.ufes.br,ckan,Open data portal,federal,BR,Brazil,Universidade Federal do Espírito Santo (UFES),Academy,https://dados.ufes.br/api/3,5,active
dados.uffs.edu.br,Portal de Dados Abertos da UFFS,https://dados.uffs.edu.br,ckan,Open data portal,federal,BR,Brazil,Universidade Federal da Fronteira Sul (UFFS),Academy,https://dados.uffs.edu.br/api/3,24,active
dadosabertos.ufma.br,Portal de Dados Abertos da UFMA,https://dadosabertos.ufma.br,ckan,Open data portal,federal,BR,Brazil,Universidade Federal do Maranhão (UFMA),Academy,https://dadosabertos.ufma.br/api/3,0,active
dadosabertos.unilab.edu.br,Portal de Dados Abertos da Unilab,https://dadosabertos.unilab.edu.br,ckan,Open data portal,federal,BR,Brazil,Unilab,Academy,http://dadosabertos.unilab.edu.br/api/3,54,active
dados.pe.gov.br,Portal de Dados Abertos de Pernambuco,https://dados.pe.gov.br,ckan,Open data portal,state,BR,Brazil,Estado de Pernambuco,Regional government,https://dados.pe.gov.br/api/3,39,active
dados.florestal.gov.br,Portal de Dados Abertos de Serviço Florestal Brasileiro,https://dados.florestal.gov.br,ckan,Open data portal,federal,BR,Brazil,Serviço Florestal Brasileiro,Government,https://dados.florestal.gov.br/api/3,58,active
dados.ac.gov.br,Portal de Dados Abertos do Acre,https://dados.ac.gov.br,ckan,Open data portal,state,BR,Brazil,Governo do Estado do Acre,Regional government,https://dados.ac.gov.br/api/3,20,active
dadosabertos.bcb.gov.br,Portal de Dados Abertos do Banco Central do Brasil,https://dadosabertos.bcb.gov.br,ckan,Open data portal,federal,BR,Brazil,Banco Central do Brasil,Central government,https://dadosabertos.bcb.gov.br/api/3,4108,active
dadosabertos.bndes.gov.br,Portal de Dados Abertos do BNDES,https://dadosabertos.bndes.gov.br,ckan,Open data portal,federal,BR,Brazil,The Brazilian development bank,Central government,https://dadosabertos.bndes.gov.br/api/3,46,active
dados.mg.gov.br,Portal de Dados Abertos do Estado de Minas Gerais,https://dados.mg.gov.br,ckan,Open data portal,state,BR,Brazil,Estado de Minas Gerais,Regional government,https://dados.mg.gov.br/api/3,86,active
dados.ifsudestemg.edu.br,Portal de Dados Abertos do IF Sudeste MG,https://dados.ifsudestemg.edu.br,ckan,Open data portal,state,BR,Brazil,"Instituto Federal de Educação, Ciência e Tecnologia do Sudeste de Minas Gerais",Academy,https://dados.ifsudestemg.edu.br/api/3,48,active
dadosabertos.ifal.edu.br,Portal de Dados Abertos do IFAL,https://dadosabertos.ifal.edu.br,ckan,Open data portal,federal,BR,Brazil,IFAL,Academy,https://dadosabertos.ifal.edu.br/api/3,48,active
dados.iff.edu.br,Portal de Dados Abertos do IFFluminense,https://dados.iff.edu.br,ckan,Open data portal,state,BR,Brazil,Instituto Federal Fluminense,Academy,https://dados.iff.edu.br/api/3,13,active
dados.ifpb.edu.br,Portal de Dados Abertos do IFPB,https://dados.ifpb.edu.br,ckan,Open data portal,state,BR,Brazil,"Instituto Federal de Educação, Ciência e Tecnologia da Paraíba (IFPB)",Academy,https://dados.ifpb.edu.br/api/3,14,active
dados.ifrn.edu.br,Portal de Dados Abertos do IFRN,https://dados.ifrn.edu.br,ckan,Open data portal,federal,BR,Brazil,"IFRN – Instituto Federal de Educação, Ciência e Tecnologia do Rio Grande do Norte",Academy,https://dados.ifrn.edu.br/api/3,13,active
dados.ifrs.edu.br,Portal de Dados Abertos do IFRS,https://dados.ifrs.edu.br,ckan,Open data portal,federal,BR,Brazil,Instituto Federal do Rio Grande do Sul,Academy,https://dados.ifrs.edu.br/api/3,7,active
dados.ifsp.edu.br,Portal de Dados Abertos do IFSP,https://dados.ifsp.edu.br,ckan,Open data portal,federal,BR,Brazil,"Instituto Federal de Educação, Ciência e Tecnologia de São Paulo",Academy,https://dados.ifsp.edu.br/api/3,42,active
dados.ifsuldeminas.edu.br,Portal de Dados Abertos do IFSULDEMINAS,https://dados.ifsuldeminas.edu.br,ckan,Open data portal,state,BR,Brazil,Instituto Federal do Sul de Minas Gerais,Academy,https://dados.ifsuldeminas.edu.br/api/3,0,active
dadosabertos.iftm.edu.br,Portal de Dados Abertos do IFTM,https://dadosabertos.iftm.edu.br,ckan,Open data portal,federal,BR,Brazil,IFTM,Academy,https://dadosabertos.iftm.edu.br/api/3,56,active
dados.ifrr.edu.br,Portal de Dados Abertos do Instituto Federal de Roraima,https://dados.ifrr.edu.br,ckan,Open data portal,state,BR,Brazil,"Instituto Federal de Educação, Ciência e Tecnologia de Roraima (IFRR)",Academy,https://dados.ifrr.edu.br/api/3,29,active
dados.ifto.edu.br,Portal de Dados Abertos do Instituto Federal do Tocantins,https://dados.ifto.edu.br,ckan,Open data portal,state,BR,Brazil,"Instituto Federal de Educação, Ciência e Tecnologia do Tocantins (IFTO)",Academy,https://dados.ifto.edu.br/api/3,4,active
dadosabertos.inss.gov.br,Portal de Dados Abertos do Instituto Nacional do Seguro Social - INSS,https://dadosabertos.inss.gov.br,ckan,Open data portal,federal,BR,Brazil,Instituto Nacional do Seguro Social - INSS,Central government,,0,active
dados.agricultura.gov.br,"Portal de Dados Abertos do Ministério da Agricultura, Pecuária e Abastecimento",https://dados.agricultura.gov.br,ckan,Open data portal,federal,BR,Brazil,"Ministério da Agricultura, Pecuária e Abastecimento",Central government,https://dados.agricultura.gov.br/api/3,13,active
dados.mma.gov.br,Portal de Dados Abertos do MMA:,https://dados.mma.gov.br,ckan,Open data portal,federal,BR,Brazil,Ministry of the Environment (Brazil),Central government,https://dados.mma.gov.br/api/3,40,active
dadosabertos.senado.gov.br,Portal De Dados Abertos Do Senado Federal (brazil),https://dadosabertos.senado.gov.br,ckan,Open data portal,federal,BR,Brazil,Senado Federal,Central government,https://dadosabertos.senado.gov.br/data/api/3,0,active
dadosabertos.web.stj.jus.br,Portal de Dados Abertos do STJ,https://dadosabertos.web.stj.jus.br/,ckan,Open data portal,federal,BR,Brazil,Superior Tribunal de Justiça,Central government,https://dadosabertos.web.stj.jus.br/api/3,19,active
opendatasus.saude.gov.br,Portal de Dados Abertos do SUS,https://opendatasus.saude.gov.br,ckan,Open data portal,federal,BR,Brazil,Ministério da Saúde,Government,https://opendatasus.saude.gov.br/api/3,0,active
dadosabertos.tse.jus.br,Portal de Dados Abertos do TSE,https://dadosabertos.tse.jus.br,ckan,Open data portal,federal,BR,Brazil,Tribunal Superior Eleitoral (TSE),Central government,https://dadosabertos.tse.jus.br/api/3,167,active
dados.contraosagrotoxicos.org,Portal de Dados Abertos Sobre Agrotóxicos,https://dados.contraosagrotoxicos.org,ckan,Open data portal,federal,BR,Brazil,A Campanha Permanente Contra os Agrotóxicos e Pela Vida,Civil society,,0,active
dados.ufsm.br,Portal de Dados Abertos UFSM,https://dados.ufsm.br,ckan,Open data portal,federal,BR,Brazil,Universidade Federal de Santa Maria (UFSM),Academy,,0,active
covid19.cim-regiaodecoimbra.pt,Portal de Dados Abertos Viseu Dão Lafões,http://covid19.cim-regiaodecoimbra.pt,ckan,Open data portal,state,PT,Portugal,CIM Viseu Dão Lafões,Regional government,http://covid19.cim-regiaodecoimbra.pt/api/3,90,active
geoparkestrela.primelayer.pt,Portal de Dados Abertos Viseu Dão Lafões,http://geoparkestrela.primelayer.pt/,ckan,Open data portal,state,PT,Portugal,CIM Viseu Dão Lafões,Regional government,,0,active
dados.cultura.gov.br,Portal de Dados da Cultura,https://dados.cultura.gov.br,ckan,Open data portal,federal,BR,Brazil,Ministry of Culture Brazil,Central government,http://dados.cultura.gov.br/api/3,62,active
dados.ufjf.br,Portal de Dados da Universidade Federal de Juiz de Fora,https://dados.ufjf.br,ckan,Open data portal,state,BR,Brazil,Universidade Federal de Juiz de Fora (UFJF),Academy,https://dados.ufjf.br/api/3,23,active
dados.ufla.br,Portal de Dados da Universidade Federal de Lavras,https://dados.ufla.br,ckan,Open data portal,state,BR,Brazil,Universidade Federal de Lavras (UFLA),Academy,https://dados.ufla.br/api/3,0,active
ckan.jbrj.gov.br,Portal de dados estruturados do Instituto de Pesquisas Jardim Botânico do Rio de Janeiro,https://ckan.jbrj.gov.br,ckan,Open data portal,state,BR,Brazil,Instituto de Pesquisas Jardim Botânico do Rio de Janeiro,Central government,https://ckan.jbrj.gov.br/api/3,44,active
portaldados.ppgau.uff.br,Portal de Dados Urbanos PPGAU UFF - Open data portal for Urban Resarch,https://portaldados.ppgau.uff.br/,ckan,Open data portal,,BR,,,,https://portaldados.ppgau.uff.br/api/3,0,
datosabiertos-aguasdealicante.pre.apsl.io,Portal de Datos Abiertos - Aguas de Alicante,https://datosabiertos-aguasdealicante.pre.apsl.io/,ckan,Open data portal,local,ES,Spain,Aguas de Alicante,Local government,,0,active
datos.monterrey.gob.mx,Portal de Datos Abiertos - Gobierno de Monterrey,https://datos.monterrey.gob.mx,ckan,Open data portal,local,MX,Mexico,Gobierno de Monterrey,Local government,https://datos.monterrey.gob.mx/api/3,0,active
datosabiertos.sevilla.org,Portal de Datos Abiertos - ide.SEVILLA - Gerencia de Urbanismo,http://datosabiertos.sevilla.org,ckan,Open data portal,local,ES,Spain,Ayuntamiento de Sevilla,Local government,https://catalogo.sevilla.org/api/3,0,active
juntadeandalucia.es,Portal de datos abiertos - Junta de Andalucía,https://www.juntadeandalucia.es/datosabiertos/portal,ckan,Open data portal,state,ES,Spain,Junta de Andalucia,Regional government,https://www.juntadeandalucia.es/datosabiertos/portal/api/3,826,active
datos.ciudaddecorrientes.gov.ar,Portal de Datos Abiertos - Municipalidad de Corrientes,https://datos.ciudaddecorrientes.gov.ar,ckan,Open data portal,local,AR,Argentina,Municipalidad de Corrientes,Local government,,0,active
datosabiertos.gualeguaychu.gov.ar,Portal de Datos Abiertos - Municipalidad de Gualeguaychú,https://datosabiertos.gualeguaychu.gov.ar,ckan,Open data portal,local,AR,Argentina,Municipalidad de Gualeguaychú,Local government,,0,active
opendata.ayto-alcaladehenares.es,Portal de Datos Abiertos Alcalá de Henares,https://opendata.ayto-alcaladehenares.es,ckan,Open data portal,federal,ES,Spain,Ayuntamiento de Alcalá de Henares,Local government,https://opendata.ayto-alcaladehenares.es/api/3,44,active
datosabiertos-chiclana.ogovsystem.com,Portal de Datos Abiertos Chiclana,https://datosabiertos-chiclana.ogovsystem.com/,ckan,Open data portal,local,ES,Spain,Ayuntamiento de Chiclana de la Frontera,Local government,https://datosabiertos-chiclana.ogovsystem.com/api/3,30,active
datos.gob.cl,Portal de Datos Abiertos Chile,https://datos.gob.cl,ckan,Open data portal,federal,CL,Chile,Ministerio de la Secretaría General de la Presidencia,Central government,http://datos.gob.cl/api/3,2914,active
datos.arsat.com.ar,Portal de datos abiertos de ARSAT,https://datos.arsat.com.ar,ckan,Open data portal,federal,AR,Argentina,ARSAT,Business,,0,active
datos.cdmx.gob.mx,Portal de Datos Abiertos de la CDMX,https://datos.cdmx.gob.mx,ckan,Open data portal,federal,MX,Mexico,Agencia Digital de Innovación Pública,Local government,https://datos.cdmx.gob.mx/api/3,0,active
datosgestionabierta.cba.gov.ar,Portal de Datos Abiertos de la Ciudad de Córdoba,https://datosgestionabierta.cba.gov.ar,ckan,Open data portal,local,AR,Argentina,Gobierno de la Ciudad de Córdoba,Local government,https://datosgestionabierta.cba.gov.ar/api/3,0,active
ckan.ciudaddemendoza.gob.ar,Portal de Datos Abiertos de la Ciudad de Mendoza,https://ckan.ciudaddemendoza.gob.ar,ckan,Open data portal,local,AR,Argentina,Mendoza Ciudad,Local government,,0,active
datos.ciudaddemendoza.gov.ar,Portal de Datos Abiertos de la Ciudad de Mendoza,https://datos.ciudaddemendoza.gov.ar,ckan,Open data portal,local,AR,Argentina,Gobierno de la Ciudad de Mendoza,Local government,,0,active
datos.comunidad.madrid,Portal de Datos Abiertos de la Comunidad de Madrid,https://datos.comunidad.madrid/catalogo/,ckan,Open data portal,state,ES,Spain,Portal de Datos Abiertos de la Comunidad de Madrid,Regional government,https://datos.comunidad.madrid/api/3,3611,active
datosabiertos.rafaela.gob.ar,Portal de Datos Abiertos de Rafaela,http://datosabiertos.rafaela.gob.ar,ckan,Open data portal,local,AR,Argentina,Municipalidad de Rafaela,Local government,http://datosabiertos.rafaela.gob.ar/api/3,0,active
datosabiertos.infocdmx.org.mx,Portal de Datos Abiertos de Transparencia Mexico,https://datosabiertos.infocdmx.org.mx,ckan,Open data portal,federal,MX,Mexico,"Instituto de Transparencia, Acceso a la Información Pública, Protección de Datos Personales y Rendición de Cuentas de la Ciudad de México",Civil society,https://datosabiertos.infocdmx.org.mx/api/3,0,active
datosabiertos.fuengirola.es,Portal de Datos Abiertos del Ayuntamiento de Fuengirola,http://datosabiertos.fuengirola.es/dataset,ckan,Open data portal,local,ES,Spain,Portal de Datos Abiertos del Ayuntamiento de Fuengirola,Local government,http://datosabiertos.fuengirola.es/api/3,0,active
datos-ckan.vigo.org,Portal de Datos Abiertos del Ayuntamiento de Vigo,https://datos-ckan.vigo.org/,ckan,Open data portal,local,ES,Spain,Portal de Datos Abiertos del Ayuntamiento de Vigo,Local government,https://datos-ckan.vigo.org/api/3,175,active
datos.slp.gob.mx,Portal de Datos Abiertos del Estado de SLP,https://datos.slp.gob.mx,ckan,Open data portal,state,MX,Mexico,Gobierno de San Luis Potosí,Regional government,https://datos.slp.gob.mx/api/3,0,active
datos.misiones.gob.ar,Portal de Datos Abiertos del Gobierno de Misiones,https://www.datos.misiones.gob.ar,ckan,Open data portal,state,AR,Argentina,Gobierno de Misiones,Regional government,http://www.datos.misiones.gob.ar/api/3,2,active
datos.ins.gob.pe,Portal de Datos Abiertos del Instituto Nacional de Salud,https://datos.ins.gob.pe,ckan,Open data portal,federal,PE,Peru,Instituto Nacional de Salud (INS),Central government,,0,active
datosabiertos.mef.ehg.pe,Portal de Datos Abiertos del MEF,https://datosabiertos.mef.ehg.pe,ckan,Open data portal,federal,PE,Peru,Ministerio de Economía y Finanzas Peru,Central government,https://datosabiertos.mef.ehg.pe/api/3,0,active
datos.cultura.gob.ar,Portal de datos abiertos del Ministerio de Cultura de la Nación,https://datos.cultura.gob.ar,ckan,Open data portal,federal,AR,Argentina,Ministerio de cultura Argentina,Central government,,0,active
datosabiertos.mineduc.gob.gt,Portal de Datos Abiertos del Ministerio de Educación de Guatemala,https://datosabiertos.mineduc.gob.gt,ckan,Open data portal,federal,GT,Guatemala,del Ministerio de Educación de Guatemala,Central government,,0,active
opendata.parlamentodeandalucia.es,Portal de Datos Abiertos del Parlamento de Andalucía,https://opendata.parlamentodeandalucia.es,ckan,Open data portal,federal,ES,Spain,Parlamento de Andalucía,Regional government,https://opendata.parlamentodeandalucia.es/api/3,90,active
datosabiertospj.eastus.cloudapp.azure.com,Portal de Datos Abiertos del Poder Judicial del Peru,https://datosabiertospj.eastus.cloudapp.azure.com,ckan,Open data portal,federal,PE,Peru,Poder Judicial (Judicial Power),Central government,,0,active
datosabiertos.laspalmasgc.es,Portal de Datos Abiertos Las Palmas de Gran Canaria,http://datosabiertos.laspalmasgc.es,ckan,Open data portal,local,ES,Spain,Las Palmas de Gran Canaria,Local government,,0,active
ckan.montevideo.gub.uy,Portal de Datos Abiertos Montevideo,http://ckan.montevideo.gub.uy,ckan,Open data portal,state,UY,Uruguay,City of Montevideo,Regional government,http://ckan.montevideo.gub.uy/api/3,155,active
datosabiertos.puertollano.es,Portal de Datos Abiertos Puertollano,https://datosabiertos.puertollano.es,ckan,Open data portal,local,ES,Spain,Ayuntamiento de Puertollano,Local government,https://datosabiertos.puertollano.es/api/3,10,active
datosabiertos.santaana.go.cr,Portal de datos abiertos Santa Ana (CR),https://datosabiertos.santaana.go.cr,ckan,Open data portal,federal,CR,Costa Rica,Municipalidad de Santa Ana,Local government,https://datosabiertos.santaana.go.cr/api/3,0,active
datos.segeplan.gob.gt,Portal de Datos Abiertos SEGEPLAN,https://datos.segeplan.gob.gt/,ckan,Open data portal,federal,GT,Guatemala,Secretaría de Planificación y Programación de la Presidencia (SEGEPLAN),Central government,https://datos.segeplan.gob.gt/api/3,0,active
datos.jus.gob.ar,Portal de Datos Justicia Argentina,https://datos.jus.gob.ar,ckan,Open data portal,federal,AR,Argentina,Ministerio de Justicia y Derechos Humanos,Central government,http://datos.jus.gob.ar/api/3,63,active
dadesobertes.salou.cat,Portal de la Transparència - Ajuntament de Salou,https://dadesobertes.salou.cat,ckan,Open data portal,local,ES,Spain,Ajuntament de Salou,Local government,https://dadesobertes.salou.cat/api/3,36,active
transparencia.alhaurindelatorre.es,Portal de Transparencia de Alhaurín de la Torre,https://transparencia.alhaurindelatorre.es,ckan,Open data portal,local,ES,Spain,Ayuntamiento de Alhaurín de la Torre,Local government,https://transparencia.alhaurindelatorre.es/api/3,0,active
opendata.liberec.cz,Portal for open data of the statutory city of Liberec.,https://opendata.liberec.cz,ckan,Open data portal,state,CZ,Czech Republic,Liberec Region,Regional government,https://opendata.liberec.cz/api/3,0,active
catalogo.datos.gob.gt,Portal Nacional de Datos Abiertos de Guatemala,http://catalogo.datos.gob.gt,ckan,Open data portal,federal,GT,Guatemala,Government of Guatemala,Central government,http://catalogo.datos.gob.gt/api/3,0,active
catalogo.senacyt.gob.gt,Portal Nacional de Datos Abiertos de Guatemala,https://catalogo.senacyt.gob.gt:80/,ckan,Open data portal,federal,GT,Guatemala,Secretaría Nacional de Ciencia y Tecnología (Senacyt),Central government,https://catalogo.senacyt.gob.gt:80/api/3,0,active
datosabiertos.gob.hn,Portal Nacional de Datos Abiertos de Honduras,https://datosabiertos.gob.hn,ckan,Open data portal,federal,HN,Honduras,Secretaría de Transparencia y Lucha Contra la Corrupción (STLCC),Central government,https://datosabiertos.gob.hn/api/3,0,active
datos.gob.do,Portal Nacional de Datos Abiertos de la República Dominicana,https://datos.gob.do,ckan,Open data portal,federal,DO,Republica Dominicana,Government of Dominicana,Central government,,0,active
data.cnmc.es,Portal Open Data de CNMC,https://data.cnmc.es/buscador,ckan,Open data portal,federal,ES,Spain,Portal Open Data de CNMC,Central government,,0,active
data.ctb.eus,Portal Open Data del Consorcio de Transportes de Bizkaia,https://data.ctb.eus,ckan,Open data portal,state,ES,Spain,Consorcio de Transportes de Bizkaia (CTB),Regional government,https://data.ctb.eus/api/3,103,active
opendata.portdebarcelona.cat,Portal Open Data del Port de Barcelona,https://opendata.portdebarcelona.cat,ckan,Open data portal,state,ES,Spain,Port de Barcelona,Central government,https://opendata.portdebarcelona.cat/api/3,78,active
otwartedane.bonasoft.pl,Portal Otwartych Danych Urzędu Miasta DEMO,https://otwartedane.bonasoft.pl/,ckan,Open data portal,federal,PL,Poland,BonaSoft,Business,,0,active
otwartedane.umrajgrod.pl,Portal Otwartych Danych Urzędu Miejskiego w Rajgrodzie,https://otwartedane.umrajgrod.pl,ckan,Open data portal,local,PL,Poland,Urząd Miejski w Rajgrodzie,Local government,https://otwartedane.umrajgrod.pl/api/3,9,active
katalog.data.go.id,Portal Satu Data Indonesia,https://katalog.data.go.id,ckan,Open data portal,federal,ID,Indonesia,Government of Indonesia,Central government,https://katalog.data.go.id/api/3,0,active
satudata.tojounauna.go.id,Portal Satu Data Indonesia Kabupaten Tojo Una-Una,https://satudata.tojounauna.go.id,ckan,Open data portal,local,ID,Indonesia,Dinas Komunikasi dan Informatika Kabupaten Tojo Una-Una,Local government,https://satudata.tojounauna.go.id/api/3,0,active
opendata.semarangkota.go.id,Portal Satu Data Indonesia Tingkat Kota Semarang,http://opendata.semarangkota.go.id,ckan,Open data portal,local,ID,Indonesia,PEMERINTAH KOTA SEMARANG,Local government,,0,active
data.bengkuluutarakab.go.id,Portal Satu Data Kabupaten Bengkulu Utara,https://data.bengkuluutarakab.go.id,ckan,Open data portal,state,ID,Indonesia,Bengkulu Province,Regional government,https://data.bengkuluutarakab.go.id/api/3,0,active
opendatabovenkab.net,Portal Satu Data Kabupaten Boven Digoel,https://opendatabovenkab.net,ckan,Open data portal,local,ID,Indonesia,Pemerintah Kabupaten Boven Digoel,Local government,https://opendatabovenkab.net/api/3,0,active
opendata.malinau.go.id,Portal Satu Data Kabupaten Malinau,https://opendata.malinau.go.id,ckan,Open data portal,local,ID,Indonesia,Pemerintah Kabupaten Malinau,Local government,https://opendata.malinau.go.id/api/3,960,active
sdi.niasutarakab.go.id,Portal Satu Data Kabupaten Nias Utara,https://sdi.niasutarakab.go.id/,ckan,Open data portal,local,ID,Indonesia,Pemerintah Kabupaten Nias Utara,Local government,,0,active
data.kaltimprov.go.id,Portal Satu Data Kalimantan Timur,https://data.kaltimprov.go.id,ckan,Open data portal,state,ID,Indonesia,Dinas Komunikasi dan Informatika Provinsi Kalimantan Timur,Regional government,https://data.kaltimprov.go.id/api/3,11036,active
data.magelangkota.go.id,Portal Satu Data Kota Magelang,https://data.magelangkota.go.id,ckan,Open data portal,local,ID,Indonesia,Kota Magelang,Local government,https://data.magelangkota.go.id/api/3,1642,active
ckan.diskominfo.sultengprov.go.id,Portal Satu Data Pemerintah Provinsi Sulawesi Tengah,https://ckan.diskominfo.sultengprov.go.id/,ckan,Open data portal,state,ID,Indonesia,Dinas Komunikasi dan Informatika Provinsi Sulawesi Tengah,Regional government,https://ckan.diskominfo.sultengprov.go.id/api/3,444,active
sisada.pematangsiantar.go.id,Portal SISADA (Sistem Informasi Satu Data) Kota Pematangsiantar,https://sisada.pematangsiantar.go.id,ckan,Open data portal,local,ID,Indonesia,Pematangsiantar City Government (Diskominfo Kota Pematangsiantar),Local government,https://sisada.pematangsiantar.go.id/api/3,462,active
dati.comune.matera.it,Portale Dati aperti del Comune di Matera,https://dati.comune.matera.it/,ckan,Open data portal,,IT,,,,,0,
opendatacomunideimessapi.it,Portale Dati Aperti GAL Terra dei Messapi,https://opendatacomunideimessapi.it/,ckan,Open data portal,federal,IT,Italy,GAL Terra dei Messapi,Other,https://opendatacomunideimessapi.it/api/3,19,active
dati.anticorruzione.it,Portale dei dati aperti dell’Autorità Nazionale Anticorruzione,https://dati.anticorruzione.it,ckan,Open data portal,federal,IT,Italy,Autorità Nazionale Anticorruzione,Central government,https://dati.anticorruzione.it/api/3,0,active
opendata.comune.messina.it,Portale Open Data - Comune di Messina,http://opendata.comune.messina.it,ckan,Open data portal,federal,IT,Italy,Comune di Messina,Local government,http://opendata.comune.messina.it/api/3,0,active
dati.agcm.it,Portale Open Data AGCM,https://dati.agcm.it,ckan,Open data portal,federal,IT,Italy,Autorita Garante della Concorrenza e del Mercato,Central government,https://dati.agcm.it/api/3,51,active
opendata-ercolano.cultura.gov.it,Portale Open Data del Parco Archeologico di Ercolano,https://opendata-ercolano.cultura.gov.it,ckan,Open data portal,federal,IT,Italy,Parco Archeologico di Ercolano,Central government,https://opendata-ercolano.cultura.gov.it/api/3,13,active
data.civis.bz.it,Portale OpenData Bolzano,https://data.civis.bz.it,ckan,Open data portal,state,IT,Italy,Civis Analytics,Business,https://data.civis.bz.it/api/3,952,active
dataset.gov.md,Portalul Guvernamental al Datelor Deschise,https://dataset.gov.md,ckan,Open data portal,federal,MD,Moldova,Guvernul Republicii Moldova,Central government,https://dataset.gov.md/api/3,1274,active
postdata.gov.co,Postdata,https://www.postdata.gov.co,ckan,Open data portal,federal,CO,Colombia,Government of Colombia,Central government,,0,active
processosorganizacionais.ufs.br,Processos Organizacionais da UFS,https://processosorganizacionais.ufs.br,ckan,Open data portal,state,BR,Brazil,Universidade Federal de Sergipe (UFS),Academy,https://processosorganizacionais.ufs.br/api/3,525,active
data-protect-slr.univ-grenoble-alpes.fr,Protect Data Portal,https://data-protect-slr.univ-grenoble-alpes.fr,ckan,Open data portal,federal,FR,France,Universite Grenoble Alpes,Academy,https://data-protect-slr.univ-grenoble-alpes.fr/api/3,0,active
eprinsa-opendata.e-admin.es,Proyecto Enlaza - Open Data de la provincia de Córdoba,https://eprinsa-opendata.e-admin.es/,ckan,Open data portal,local,ES,Spain,Proyecto Enlaza de la provincia de Córdoba,Local government,https://eprinsa-opendata.e-admin.es/api/3,2172,active
opendata.ptit.edu.vn,PTIT Open Data Catalog,https://opendata.ptit.edu.vn,ckan,Open data portal,federal,VN,Vietnam,Academy of Posts and Telecommunications,Academy,https://opendata.ptit.edu.vn/api/3,0,active
ckan.odpt.org,Public transportation open data center,https://ckan.odpt.org,ckan,Open data portal,federal,JP,Japan,Public Transportation Open Data Council,Academy,https://ckan.odpt.org/api/3/action/package_list,0,active
catalog.publicamundi.eu,PublicaMundi GeoData Catalog,https://catalog.publicamundi.eu,ckan,Open data portal,federal,EU,European Union,PublicaMundi Project Consortium,International,https://catalog.publicamundi.eu/api/3,0,active
publications.aberdeenshire.gov.uk,Publications - Aberdeenshire Council,https://publications.aberdeenshire.gov.uk,ckan,Open data portal,local,GB,United Kingdom,Aberdeenshire Council,Local government,http://publications.aberdeenshire.gov.uk/api/3,0,active
publications.qld.gov.au,Publications | Queensland Government,https://publications.qld.gov.au,ckan,Open data portal,state,AU,Australia,Queensland Government,Regional government,https://publications.qld.gov.au/api/3,3016,active
publications.europa.eu,Publications Office of the European Union Open Data Portal,https://publications.europa.eu,ckan,Open data portal,federal,EU,European Union,Publications Office of the European Union,Central government,,0,active
data.purbalinggakab.go.id,Purbalingga Open Data Portal,https://data.purbalinggakab.go.id,ckan,Open data portal,state,ID,Indonesia,Kabupaten Purbalingga,Regional government,https://data.purbalinggakab.go.id/api/3,8309,active
dataset.pustakadata.id,Pustaka Data Catalog,https://dataset.pustakadata.id,ckan,Open data portal,federal,ID,Indonesia,Government of Indonesia,Central government,https://dataset.pustakadata.id/api/3,4,active
ckan.openig.org,Pyrenees Occitania in Geomatic Intelligence data catalog,https://ckan.openig.org,ckan,Open data portal,state,FR,France,Pyrenees Occitania in Geomatic Intelligence,Civil society,,0,active
csdl.quangbinhtrade.vn,QUANG BINH IMPORT AND EXPORT JOINT STOCK COMPANY Data Catalog,http://csdl.quangbinhtrade.vn,ckan,Open data portal,state,VN,Vietnam,QUANG BINH IMPORT AND EXPORT JOINT STOCK COMPANY,Business,http://csdl.quangbinhtrade.vn/api/3,0,active
csdlquangbinh.etix.vn,Quang Binh Industry and Trade Data Portal,http://csdlquangbinh.etix.vn,ckan,Open data portal,local,VN,Vietnam,Quang Binh Department of Industry and Trade,Local government,http://csdlquangbinh.etix.vn/api/3,0,active
opendata.quangngai.gov.vn,Quang Ngai Province Open Data Portal,https://opendata.quangngai.gov.vn,ckan,Open data portal,state,VN,Vietnam,Quang Ngai Province,Regional government,https://opendata.quangngai.gov.vn/api/3,247,active
data.researchdatafinder.qut.edu.au,QUT Research Data Repository,https://data.researchdatafinder.qut.edu.au,ckan,Open data portal,federal,AU,Australia,Queensland University of Technology,Academy,https://data.researchdatafinder.qut.edu.au/api/3,311,active
data.reach-incubator.eu,REACH Data Catalogue,https://data.reach-incubator.eu,ckan,Open data portal,federal,EU,European Union,REACH Incubator Consortium,Business,,0,active
ckan.recetox.cz,RECETOX Data Catalogue,https://ckan.recetox.cz/,ckan,Open data portal,federal,CZ,Czech Republic,Masaryk University (RECETOX),Academy,https://ckan.recetox.cz/api/3,6,active
reds.ses.pb.gov.br,REDS PB - Portal de dados em saúde da Paraíba,https://reds.ses.pb.gov.br,ckan,Open data portal,state,BR,Brazil,Secretaria de Estado da Saúde da Paraíba (SES-PB),Regional government,https://reds.ses.pb.gov.br/api/3,1,active
recaopendata.open-lab.cloud,Reggia di Caserta Open Data,https://recaopendata.open-lab.cloud/,ckan,Open data portal,state,IT,Italy,Reggia di Caserta - Ministero della Cultura,Central government,https://recaopendata.open-lab.cloud/api/3,14,active
open.regina.ca,Regina Open Data Portal,https://open.regina.ca,ckan,Open data portal,local,CA,Canada,City of Regina,Local government,https://open.regina.ca/api/3,0,active
datosabiertos.regiondemurcia.es,Región de Murcia datos abiertos,https://datosabiertos.regiondemurcia.es,ckan,Open data portal,state,ES,Spain,Región de Murcia,Regional government,https://datosabiertos.regiondemurcia.es/api/3,985,active
katalog.unsere-gelder.de,Regional Government of Open data portal Open Data Portal,https://katalog.unsere-gelder.de,ckan,Open data portal,federal,DE,Germany,Regional Government of Open data portal,Regional government,https://katalog.unsere-gelder.de/api/3,0,active
opendata.vag.de,Regional Government of Vag Open Data Portal,https://opendata.vag.de,ckan,Open data portal,federal,DE,Germany,Regional Government of Vag,Regional government,https://opendata.vag.de/api/3,13,active
data.afro.who.int,Regional Health Data Hub (RDHUB) - Africa's Health Intelligence Center,https://data.afro.who.int/,ckan,Open data portal,federal,World,World,World Health Organization,International,,0,active
dati.emilia-romagna.it,Regione Emilia-Romagna data,https://dati.emilia-romagna.it,ckan,Open data portal,state,IT,Italy,Regione Emilia-Romagna,Regional government,https://dati.emilia-romagna.it/api/3,2830,active
datacatalog.regione.emilia-romagna.it,Regione Emilia-Romagna Data Catalog,https://datacatalog.regione.emilia-romagna.it/catalogCTA/,ckan,Open data portal,state,IT,Italy,Regione Emilia-Romagna,Regional government,https://datacatalog.regione.emilia-romagna.it/catalogCTA/api/3,783,active
dati.lazio.it,Regione Lazio Open Data,https://dati.lazio.it,ckan,Open data portal,state,IT,Italy,Government of Regione Lazio,Regional government,https://dati.lazio.it/api/3,407,active
dati.puglia.it,Regione Puglia Open Data,https://dati.puglia.it,ckan,Open data portal,state,IT,Italy,Government of Regione Puglia,Regional government,https://dati.puglia.it/api/3,0,active
data.sarawak.gov.my,Registration of Instrument By Division By Month in Sarawak,https://data.sarawak.gov.my,ckan,Open data portal,state,MY,Malaysia,Sarawak State,Regional government,https://catalog.sarawak.gov.my/api/3,201,active
rehovot.datacity.org.il,Rehovot Data Portal,https://rehovot.datacity.org.il,ckan,Open data portal,local,IL,Israel,Rehovot,Local government,https://rehovot.datacity.org.il/api/3,9,active
data.renfe.com,RENFE Data Catalog,https://data.renfe.com,ckan,Open data portal,federal,ES,Spain,Renfe Group,Business,https://data.renfe.com/api/3,68,active
repositorio.observatoriogeo.mx,Repositorio del Observatorio Metropolitano CentroGeo,https://repositorio.observatoriogeo.mx,ckan,Open data portal,federal,MX,Mexico,Centro de Investigación en Geografía y Geomática (CentroGeo),Academy,https://repositorio.observatoriogeo.mx/api/3,164,active
ppn.sc.gov.br,Repositório EPROC,https://ppn.sc.gov.br,ckan,Open data portal,state,BR,Brazil,Secretaria de Estado do Planejamento - SEPLAN,Regional government,https://ppn.sc.gov.br/api/3,1071,active
xtoria.grupoxcaret.com,Repositorio Institucional de Grupo Xcaret,https://xtoria.grupoxcaret.com,ckan,Open data portal,state,MX,Mexico,Grupo Xcaret,Private,https://xtoria.grupoxcaret.com/api/3,49,active
resourcedata.org,ResourceData,https://www.resourcedata.org,ckan,Open data portal,federal,GB,United Kingdom,Natural Resource Governance Institute,Civil society,,0,active
data.rijeka.hr,Rijeka OpenData,http://data.rijeka.hr,ckan,Open data portal,local,HR,Croatia,City of Rijeka,Local government,http://data.rijeka.hr/api/3,0,active
ckan.rimes.int,RIMES CKAN Data Portal,https://ckan.rimes.int/,ckan,Open data portal,federal,World,World,Regional Integrated Multi-Hazard Early Warning System (RIMES),International,https://ckan.rimes.int/api/3,73,active
roiet.gdcatalog.go.th,Roiet Open Data Portal,https://roiet.gdcatalog.go.th,ckan,Open data portal,local,TH,Thailand,Roiet,Local government,https://roiet.gdcatalog.go.th/api/3,433,active
dati.comune.roma.it,Roma Capitale Open Data Catalog,https://dati.comune.roma.it/catalog,ckan,Open data portal,local,IT,Italy,Comune di Roma,Local government,https://dati.comune.roma.it/catalog/api/3,0,active
rotterdamopendata.nl,Rotterdam Open Data Store,https://rotterdamopendata.nl,ckan,Open data portal,local,NL,Netherlands,Rotterdam Open Data,Local government,http://rotterdamopendata.nl/api/3,0,active
data.forest.go.th,Royal Forest Department data catalog,https://data.forest.go.th,ckan,Open data portal,federal,TH,Thailand,Royal Forest Department (Thailand),Central government,https://data.forest.go.th/api/3,0,active
catalog.royalrain.go.th,"Royal Rainmaking and Agricultural Aviation Department, Thailand Open Data Portal",https://catalog.royalrain.go.th,ckan,Open data portal,federal,TH,Thailand,"Royal Rainmaking and Agricultural Aviation Department, Thailand",Central government,https://catalog.royalrain.go.th/api/3,21,active
katalog.rundertischgis.de,Runder Tisch GIS Open Data Portal,https://katalog.rundertischgis.de,ckan,Open data portal,state,DE,Germany,Runder Tisch GIS,Business,https://katalog.rundertischgis.de/api/3,79,active
ruraldados.pt,Rural Data (Portugal),http://ruraldados.pt,ckan,Open data portal,federal,PT,Portugal,National Desertification Observatory (OND),Academy,http://ruraldados.pt/api/3,0,active
ckan.sabasi.io,Sabasi Open Data Portal,https://ckan.sabasi.io,ckan,Open data portal,federal,KE,Kenya,Open Institute,Civil society,https://ckan.sabasi.io/api/3,79,active
opendata.city.sagamihara.kanagawa.jp,Sagamihara City Open Data Portal,https://opendata.city.sagamihara.kanagawa.jp,ckan,Open data portal,local,JP,Japan,Sagamihara City,Local government,https://opendata.city.sagamihara.kanagawa.jp/api/3,95,active
opendata.pref.saitama.lg.jp,Saitama Prefecture Open Data Portal Site,https://opendata.pref.saitama.lg.jp,ckan,Open data portal,state,JP,Japan,Saitama Prefecture,Regional government,https://opendata.pref.saitama.lg.jp/api/3/action/package_list,0,active
opendata.sjgov.org,San Joaquin County Open Data,https://opendata.sjgov.org,ckan,Open data portal,local,US,United States,City of San Joaquin,Local government,https://opendata.sjgov.org/api/3,94,active
data.sanjoseca.gov,San Jose Open Data Portal,https://data.sanjoseca.gov/home,ckan,Open data portal,local,US,United States,City of San Jose,Local government,https://data.sanjoseca.gov/api/3,170,active
geodata.sandviken.se,Sandviken Open Data Portal,https://geodata.sandviken.se,ckan,Open data portal,local,SE,Sweden,Sandvikens kommun,Local government,https://geodata.sandviken.se/api/3,16,active
santacruzdetenerife.es,Santa Cruz de Tenerife open data portal,https://www.santacruzdetenerife.es,ckan,Open data portal,local,ES,Spain,Ayuntamiento de Santa Cruz de Tenerife,Local government,,0,active
data.santamonica.gov,Santa Monica Open Data,https://data.santamonica.gov,ckan,Open data portal,local,US,United States,City of Santa Monica,Local government,https://data.santamonica.gov/api/3,82,active
saritamura.murungrayakab.go.id,SARITAMURA - Portal Satu Data Indonesia Kabupaten Murung Raya,https://saritamura.murungrayakab.go.id,ckan,Open data portal,local,ID,Indonesia,Pemerintah Kabupaten Murung Raya,Local government,https://saritamura.murungrayakab.go.id/api/3,106,active
data.balikpapan.go.id,Satu Data Balikpapan,https://data.balikpapan.go.id,ckan,Open data portal,local,ID,Indonesia,Balikpapan City,Local government,https://data.balikpapan.go.id/api/3,536,active
satudata.dpd.go.id,Satu Data DPD RI,https://satudata.dpd.go.id/,ckan,Open data portal,federal,ID,Indonesia,Dewan Perwakilan Daerah Republik Indonesia (DPD RI),Central government,https://satudata.dpd.go.id/api/3,27,active
opendata.bulukumbakab.go.id,Satu Data Kabupaten Bulukumba,https://opendata.bulukumbakab.go.id,ckan,Open data portal,local,ID,Indonesia,Pemerintah Kabupaten Bulukumba,Local government,https://opendata.bulukumbakab.go.id/api/3,729,active
datasets.kaurkab.go.id,Satu Data Kabupaten Kaur,https://datasets.kaurkab.go.id,ckan,Open data portal,local,ID,Indonesia,Pemerintah Kabupaten Kaur,Local government,https://datasets.kaurkab.go.id/api/3,136,active
satudata.konaweutarakab.com,Satu Data Kabupaten Konawe Utara,https://satudata.konaweutarakab.com,ckan,Open data portal,local,ID,Indonesia,Kabupaten Konawe Utara,Local government,,0,active
satudata.langkatkab.go.id,Satu Data Kabupaten Langkat,https://satudata.langkatkab.go.id,ckan,Open data portal,local,ID,Indonesia,Diskominfo Kabupaten Langkat,Local government,https://satudata.langkatkab.go.id/api/3,209,active
data.linggakab.go.id,Satu Data Kabupaten Lingga,https://data.linggakab.go.id/,ckan,Open data portal,local,ID,Indonesia,Pemerintah Kabupaten Lingga (Lingga Regency Government),Local government,,0,active
opendata.pacitankab.go.id,SATU DATA KABUPATEN PACITAN,https://opendata.pacitankab.go.id,ckan,Open data portal,local,ID,Indonesia,Pacitan Regency,Local government,https://opendata.pacitankab.go.id/api/3,638,active
data.pasamankab.go.id,Satu Data Kabupaten Pasaman,https://data.pasamankab.go.id,ckan,Open data portal,local,ID,Indonesia,Pemerintah Kabupaten Pasaman,Local government,https://data.pasamankab.go.id/api/3,155,active
satudata.palikab.go.id,Satu Data Kabupaten Penukal Abab Lematang Ilir,https://satudata.palikab.go.id,ckan,Open data portal,local,ID,Indonesia,Pemerintah Kabupaten Penukal Abab Lematang Ilir (PALI),Local government,,0,active
sdi.selumakab.go.id,Satu Data Kabupaten Seluma,https://sdi.selumakab.go.id,ckan,Open data portal,local,ID,Indonesia,Pemerintah Kabupaten Seluma,Local government,https://sdi.selumakab.go.id/api/3,228,active
mydata.sijunjung.go.id,Satu Data Kabupaten Sijunjung,https://mydata.sijunjung.go.id,ckan,Open data portal,local,ID,Indonesia,Pemerintah Kabupaten Sijunjung,Local government,https://mydata.sijunjung.go.id/api/3,167,active
data.sintang.go.id,Satu Data Kabupaten Sintang,https://data.sintang.go.id,ckan,Open data portal,local,ID,Indonesia,Sintang Regency,Local government,,0,active
satudata.sumbawakab.go.id,Satu Data Kabupaten Sumbawa,https://satudata.sumbawakab.go.id,ckan,Open data portal,local,ID,Indonesia,Pemerintah Kabupaten Sumbawa,Local government,https://satudata.sumbawakab.go.id/api/3,540,active
data.tanjabbarkab.go.id,Satu Data Kabupaten Tanjung Jabung Barat,https://data.tanjabbarkab.go.id,ckan,Open data portal,local,ID,Indonesia,Tanjung Jabung Barat Regency Government,Local government,https://data.tanjabbarkab.go.id/api/3,613,active
data.kaltaraprov.go.id,Satu Data KALTARA,https://data.kaltaraprov.go.id,ckan,Open data portal,state,ID,Indonesia,Kalimantan Utara Province,Regional government,https://data.kaltaraprov.go.id/api/3,0,active
satudata.kapuaskab.go.id,Satu Data Kapuas,https://satudata.kapuaskab.go.id,ckan,Open data portal,local,ID,Indonesia,Pemerintah Kabupaten Kapuas,Local government,https://satudata.kapuaskab.go.id/api/3,0,active
sdi.katingankab.go.id,Satu Data Katingan,https://sdi.katingankab.go.id,ckan,Open data portal,local,ID,Indonesia,Pemerintah Kabupaten Katingan (Diskominfostandi Kabupaten Katingan),Local government,https://sdi.katingankab.go.id/api/3,120,active
satudata.kayongutarakab.go.id,Satu Data Kayong Utara,https://satudata.kayongutarakab.go.id,ckan,Open data portal,local,ID,Indonesia,Kayong Utara Regency,Local government,,0,active
katalog.data.gorontalokota.go.id,Satu Data Kota Gorontalo,https://katalog.data.gorontalokota.go.id/,ckan,Open data portal,local,ID,Indonesia,Pemerintah Kota Gorontalo,Local government,https://katalog.data.gorontalokota.go.id/api/3,17,active
datasets.palukota.go.id,Satu Data Kota Palu,https://datasets.palukota.go.id,ckan,Open data portal,local,ID,Indonesia,Pemerintah Kota Palu,Local government,https://datasets.palukota.go.id/api/3,0,active
sdi.palukota.go.id,Satu Data Kota Palu,https://sdi.palukota.go.id,ckan,Open data portal,local,ID,Indonesia,Pemerintah Kota Palu,Local government,https://sdi.palukota.go.id/api/3,47,active
data.pontianakkota.go.id,SATU DATA KOTA PONTIANAK,https://data.pontianakkota.go.id,ckan,Open data portal,local,ID,Indonesia,Kota Pontianak,Local government,https://data.pontianakkota.go.id/api/3,0,active
satudata.landakkab.go.id,Satu Data Landak,https://satudata.landakkab.go.id,ckan,Open data portal,local,ID,Indonesia,Landak Regency (Diskominfo Kab. Landak),Local government,,0,active
satudata.mempawahkab.go.id,Satu Data Mempawah,https://satudata.mempawahkab.go.id,ckan,Open data portal,local,ID,Indonesia,Pemerintah Kabupaten Mempawah (Diskominfo Kab. Mempawah),Local government,,0,active
satudatapalapa.mojokertokab.go.id,Satu Data Palapa Kabupaten Mojokerto,https://satudatapalapa.mojokertokab.go.id,ckan,Open data portal,local,ID,Indonesia,Pemerintah Kabupaten Mojokerto,Local government,https://satudatapalapa.mojokertokab.go.id/api/3,0,active
satudata.palembang.go.id,Satu Data Palembang,https://satudata.palembang.go.id,ckan,Open data portal,local,ID,Indonesia,Pemerintah Kota Palembang,Local government,,0,active
satudata.probolinggokab.go.id,Satu Data portal for Probolinggo Regency,https://satudata.probolinggokab.go.id,ckan,Open data portal,local,ID,Indonesia,Probolinggo Regency Government,Local government,https://satudata.probolinggokab.go.id/api/3,732,active
data.kalbarprov.go.id,SATU DATA PROVINSI KALIMANTAN BARAT,https://data.kalbarprov.go.id,ckan,Open data portal,state,ID,Indonesia,Kalimantan Barat,Regional government,https://data.kalbarprov.go.id/api/3,0,active
satudata.solokkab.go.id,Satu Data Solok Kabupaten,https://satudata.solokkab.go.id,ckan,Open data portal,local,ID,Indonesia,Pemerintah Kabupaten Solok,Local government,https://satudata.solokkab.go.id/api/3,0,active
data.sumbarprov.go.id,Satu Data Sumatera Barat,https://data.sumbarprov.go.id,ckan,Open data portal,state,ID,Indonesia,Pemerintah Provinsi Sumatera Barat,Regional government,https://data.sumbarprov.go.id/api/3,0,active
data.halmaherautarakab.go.id,SATUDATA Halmahera Utara,https://data.halmaherautarakab.go.id,ckan,Open data portal,state,ID,Indonesia,North Halmahera Regency,Regional government,https://data.halmaherautarakab.go.id/api/3,0,active
od.data.gov.sa,Saudi Open Data,https://od.data.gov.sa,ckan,Open data portal,federal,SA,Saudi Arabia,Saudi Data & AI Authority,Central government,,0,active
catalog.savenow.de,SAVeNoW Catalog,http://catalog.savenow.de,ckan,Open data portal,federal,DE,Germany,SAVeNoW,Other,http://catalog.savenow.de/api/3,81,active
opendata.nhs.scot,Scottish Health and Social Care Open Data,https://www.opendata.nhs.scot,ckan,Open data portal,state,GB,United Kingdom,NHS Scotland,Regional government,https://www.opendata.nhs.scot/api/3,103,active
datasets.seed.nsw.gov.au,SEED: Dataset - NSW Government,https://datasets.seed.nsw.gov.au,ckan,Open data portal,state,AU,Australia,NSW Government,Regional government,https://datasets.seed.nsw.gov.au/api/3,0,active
ckan.educloud.sgrc.selkirk.ca,Selkirk CKAN Portal,https://ckan.educloud.sgrc.selkirk.ca,ckan,Open data portal,state,CA,Canada,Selkirk College,Academy,https://ckan.educloud.sgrc.selkirk.ca/api/3,0,active
ckan.sena-opendata.jp,Sena Open Data Portal,https://ckan.sena-opendata.jp,ckan,Open data portal,federal,JP,Japan,Sena Regional Government,Local government,https://ckan.sena-opendata.jp/api/3,0,active
datacatalog.senate.go.th,Senate of Thailand Open Data Portal,https://datacatalog.senate.go.th,ckan,Open data portal,federal,TH,Thailand,Senate of Thailand,Central government,https://datacatalog.senate.go.th/api/3,44,active
dataportal.senckenberg.de,Senckenberg (meta) data catalog,https://dataportal.senckenberg.de,ckan,Open data portal,state,DE,Germany,Senckenberg Leibniz Institution for Biodiversity and Earth System Research (SGN),Academy,https://dataportal.senckenberg.de/api/3,336,active
sep.tucuman.gob.ar,SEP Tucumán Data Catalog,https://sep.tucuman.gob.ar,ckan,Open data portal,state,AR,Argentina,Government of Tucumán,Regional government,,0,active
data.sepa.gov.rs,Serbian Environmental Protection Agency Open Data Portal,http://data.sepa.gov.rs,ckan,Open data portal,federal,RS,Serbia,Serbian Environmental Protection Agency,Central government,http://data.sepa.gov.rs/api/3,0,active
edu.mrpam.gov.mn,SESMIM Knowledge Portal,https://edu.mrpam.gov.mn,ckan,Open data portal,federal,MN,Mongolia,Ministry of Mining and Heavy Industry Mongolia,Central government,http://edu.mrpam.gov.mn/api/3,301,active
ckan-shimane.dataeye.jp,Shimane Prefecture Open Data Catalog,https://ckan-shimane.dataeye.jp,ckan,Open data portal,state,JP,Japan,Shimane Prefecture,Regional government,https://ckan-shimane.dataeye.jp/api/3,0,active
dataset.city.shizuoka.jp,Shizuoka City Open Data Portal,https://dataset.city.shizuoka.jp,ckan,Open data portal,local,JP,Japan,City of Shizuoka,Local government,https://dataset.city.shizuoka.jp/api/3,0,active
opendata.pref.shizuoka.jp,Shizuoka Open Data portal,https://opendata.pref.shizuoka.jp,ckan,Open data portal,state,JP,Japan,Shizuoka Prefecture,Regional government,https://opendata.pref.shizuoka.jp/api/3/action/package_list,0,active
show-data-portal.eu,Show Portal Eu Open Data Portal,https://show-data-portal.eu/,ckan,Open data portal,federal,EU,European Union,Show Data Portal,Central government,https://show-data-portal.eu/api/3,0,active
ckan.siges.sv,SIGES Open Data,https://ckan.siges.sv/,ckan,Open data portal,federal,SV,El Salvador,SIGES,Central government,https://ckan.siges.sv/api/3,38,active
catalogue.simocean.pt,SIMOcean Catalogue,http://catalogue.simocean.pt,ckan,Open data portal,federal,PT,Portugal,Portuguese Sea and Atmosphere,Academy,http://catalogue.simocean.pt/api/3,0,active
data.sinarproject.org,Sinar Project Open Data,https://data.sinarproject.org,ckan,Open data portal,federal,MY,Malaysia,Sinar Project,Civil society,https://data.sinarproject.org/api/3,0,active
sil.eloro.gob.ec,Sistema de Información Local Gobierno Autónomo Descentralizado Provincial de El Oro,https://sil.eloro.gob.ec,ckan,Open data portal,state,EC,Ecuador,Gobierno Autónomo Descentralizado Provincial de El Oro,Regional government,https://sil.eloro.gob.ec/api/3,0,active
sil.loja.gob.ec,Sistema de Información Local Municipal de Loja,http://sil.loja.gob.ec,ckan,Open data portal,local,EC,Ecuador,Municipal de Loja,Local government,https://sil.loja.gob.ec/api/3,0,active
data.kaboki.go.id,Situs Resmi Satu Data Ogan Komering Ilir,https://data.kaboki.go.id,ckan,Open data portal,local,ID,Indonesia,Kabupaten Ogan Komering Ilir (Ogan Komering Ilir Regency),Local government,,0,active
data.skeenasalmon.info,Skeena Salmon Data Catalogue,https://data.skeenasalmon.info,ckan,Open data portal,federal,US,United States,Skeena Knowledge Trust,Civil society,https://data.skeenasalmon.info/api/3,1419,active
data.gov.sk,Slovak Republic Open Data Portal,https://data.gov.sk,ckan,Open data portal,federal,SK,Slovakia,Národná agentúra pre sieťové a elektronické služby (NASES),Central government,https://data.gov.sk/api/3,0,active
data.smartaraucania.org,Smart Araucanía Data Catalog,https://data.smartaraucania.org/,ckan,Open data portal,state,CL,Chile,Regional Government of Araucanía,Regional government,https://data.smartaraucania.org/api/3,0,active
dadosabertos.ifmg.edu.br,Sobre Dados Abertos IFMG,https://dadosabertos.ifmg.edu.br,ckan,Open data portal,state,BR,Brazil,Instituto Federal de Minas Gerais,Academy,https://dadosabertos.ifmg.edu.br/api/3,22,active
data.socialprogress.org,Social Progress Data Catalog,https://data.socialprogress.org,ckan,Open data portal,international,World,World,Social Progress Imperative,Civil society,https://data.socialprogress.org/api/3,0,active
data.sa.gov.au,South Australian Government Data Directory,https://data.sa.gov.au,ckan,Open data portal,state,AU,Australia,Government of South Australia,Regional government,https://data.sa.gov.au/data/api/3,0,active
data.spatialhub.scot,Spatial Hub The Source of Scottish Local Government Spatial Data,https://data.spatialhub.scot,ckan,Open data portal,state,GB,United Kingdom,The Improvement Service (IS),Civil society,https://data.spatialhub.scot/api/3,472,active
sprogressource.digst.govcloud.dk,SprogResource (DIGST GovCloud),https://sprogressource.digst.govcloud.dk,ckan,Open data portal,federal,DK,Denmark,Agency for Digital Government,Central government,https://sprogressource.digst.govcloud.dk/api/3,0,active
sproutopencontent.com,Sprout Open Content Open Data Portal,https://sproutopencontent.com,ckan,Open data portal,federal,NG,Nigeria,Sprout Open Content,Civil society,https://sproutopencontent.com/api/3,0,active
srm.datacity.org.il,SRM Data Portal,https://srm.datacity.org.il,ckan,Open data portal,federal,IL,Israel,The Public Knowledge Workshop,Non-profit,https://srm.datacity.org.il/api/3,15,active
opendata.jena.de,Stadt Jena Open Data Portal,https://opendata.jena.de,ckan,Open data portal,local,DE,Germany,Stadt Jena,Local government,https://opendata.jena.de/api/3,70,active
data.stadt-zuerich.ch,Stadt Zurich Open Data,https://data.stadt-zuerich.ch,ckan,Open data portal,state,CH,Switzerland,Stadt Zurich,Regional government,https://data.stadt-zuerich.ch/api/3,919,active
ckan.staging.futr-hub.de,Staging Futr Hub CKAN Portal,https://ckan.staging.futr-hub.de,ckan,Open data portal,state,DE,Germany,Tegel Projekt GmbH,Business,https://ckan.staging.futr-hub.de/api/3,2,active
dataut.vegvesen.no,Statens vegvesen dataportal,https://dataut.vegvesen.no,ckan,Open data portal,federal,NO,Norway,The Norwegian Public Roads Administration,Central government,https://dataut.vegvesen.no/api/3,79,active
opendata.fcsc.gov.ae,Statistics Portal - Open Data UAE,https://opendata.fcsc.gov.ae,ckan,Open data portal,federal,AE,United Arab Emirates,Government of UAE,Central government,https://ckan.fcsc.production.datopian.com/api/3,0,active
data.subak.org,Subak Data Catalogue,https://data.subak.org,ckan,Open data portal,federal,World,World,Subak,Civil society,https://data.subak.org/api/3,0,active
data.sugarlandtx.gov,Sugar Land Insights,https://data.sugarlandtx.gov,ckan,Open data portal,local,US,United States,City of Sugar Land,Local government,https://data.sugarlandtx.gov/api/3,136,active
danube-data.eu,SUNDANSE Data Catalogue,https://danube-data.eu/,ckan,Open data portal,federal,EU,European Union,Danube Data,Academy,https://danube-data.eu/api/3,6,active
suojattudata.suomi.fi,Suojattudata,https://suojattudata.suomi.fi,ckan,Open data portal,federal,FI,Finland,Digi- ja vaestotietovirasto,Central government,https://suojattudata.suomi.fi/api/3,0,active
opendata.surabaya.go.id,Surabaya Open Data Portal,https://opendata.surabaya.go.id,ckan,Open data portal,local,ID,Indonesia,Surabaya,Local government,https://opendata.surabaya.go.id/api/3,0,active
data.surrey.ca,Surrey Open Data Catalogue,https://data.surrey.ca,ckan,Open data portal,local,CA,Canada,City of Surrey,Local government,https://data.surrey.ca/api/3,0,active
trafficdata.se,Swedish Traffic Data Portal,https://trafficdata.se,ckan,Open data portal,federal,SE,Sweden,Swedish Transport Administration,Central government,https://trafficdata.se/api/3,49,active
opendata.swiss,Swiss Open Government Data Portal,https://opendata.swiss,ckan,Open data portal,federal,CH,Switzerland,Swiss Confederation Federal Administration,Central government,,0,active
ckan.ymparisto.fi,Syke Metadata Portal,https://ckan.ymparisto.fi/,ckan,Open data portal,federal,FI,Finland,Finland’s environmental administration,Central government,https://ckan.ymparisto.fi/api/3,618,active
catalog.fisheries.go.th,"System Central Service Data Set List and open data, Department of Fisheries",https://catalog.fisheries.go.th,ckan,Open data portal,federal,TH,Thailand,Department of Fisheries (Thailand),Central government,https://catalog.fisheries.go.th/api/3,0,active
opendata.taichung.gov.tw,Taichung City Government Open Data,https://opendata.taichung.gov.tw,ckan,Open data portal,state,TW,Taiwan,Taichung City Government,Regional government,,0,active
taijiang.tw,Taijiang Research Data Repository,http://taijiang.tw,ckan,Open data portal,federal,TW,Taiwan,Academia Sinica,Academy,http://taijiang.tw/api/3,0,active
data.tainan.gov.tw,Tainan City Government Data Open Platform,https://data.tainan.gov.tw,ckan,Open data portal,state,TW,Taiwan,Tainan City Government,Regional government,,0,active
data.cdc.gov.tw,Taiwan CDC Open Data Portal,https://data.cdc.gov.tw,ckan,Open data portal,federal,TW,Taiwan,"Center for Diseases Control, Ministry of Health and Welfare",Central government,https://data.cdc.gov.tw/api/3,0,active
ckan.energydata.rd.tuni.fi,Tampere University energy research data catalog demo,https://ckan.energydata.rd.tuni.fi/,ckan,Open data portal,federal,FI,Finland,Tampere University,Academy,https://ckan.energydata.rd.tuni.fi/api/3,32,active
data.tampere.fi,Tampereen kaupungin dataportaali,https://data.tampere.fi,ckan,Open data portal,local,FI,Finland,Tampere,Local government,https://data.tampere.fi/data/api/3,100,active
ckan.tycg.gov.tw,Taoyuan City Government Open Data Portal,http://ckan.tycg.gov.tw,ckan,Open data portal,state,TW,Taiwan,Taoyuan city government,Regional government,http://ckan.tycg.gov.tw/api/3,0,active
open.tatarstan.ru,Tatarstan Open Data,https://open.tatarstan.ru/data,ckan,Open data portal,state,RU,Russian Federation,Tatarstan republic government,Regional government,https://open.tatarstan.ru/data/api/3,0,active
dadosabertos.tce.go.gov.br,TCEGO - Dados Abertos,https://dadosabertos.tce.go.gov.br,ckan,Open data portal,state,BR,Brazil,Tribunal de Contas do Estado de Goias (TCE-GO),Regional government,https://dadosabertos.tce.go.gov.br/api/3,63,active
data.tcels.or.th,TCELS Data Catalog,http://data.tcels.or.th,ckan,Open data portal,federal,TH,Thailand,Thailand Center of Excellence for Life Sciences (TCELS),Central government,http://data.tcels.or.th/api/3,11,active
tdata.dlsi.ua.es,TData - Turismo Open Data UA,https://tdata.dlsi.ua.es/,ckan,Open data portal,state,ES,Spain,Universidad de Alicante,Academy,https://tdata.dlsi.ua.es/api/3,1021,active
datos.techo.org,TECHO Datos Abiertos,http://datos.techo.org,ckan,Open data portal,federal,CL,Chile,TECHO International,Civil society,http://datos.techo.org/api/3,0,active
data.city.tendo.yamagata.jp,Tendo City Data Catalog,https://data.city.tendo.yamagata.jp,ckan,Open data portal,local,JP,Japan,Tendo City,Local government,https://data.city.tendo.yamagata.jp/api/3,0,active
tenerifedata.com,Tenerifedata Open Data Portal,https://www.tenerifedata.com,ckan,Open data portal,federal,ES,Spain,Tenerifedata,Business,,0,active
tesourotransparente.gov.br,Tesouro Nacional dados abertos,https://www.tesourotransparente.gov.br,ckan,Open data portal,federal,BR,Brazil,Tesouro Nacional,Central government,http://www.tesourotransparente.gov.br/ckan/api/3,89,active
data.thaihealth.or.th,Thai Health Promotion Foundation Open Data Portal,https://data.thaihealth.or.th,ckan,Open data portal,federal,TH,Thailand,Thai Health Promotion Foundation,Civil society,https://data.thaihealth.or.th/api/3,72,active
catalog.tmd.go.th,Thai meteorological department data catalogue,https://catalog.tmd.go.th,ckan,Open data portal,federal,TH,Thailand,Thai Meteorological Department,Central government,https://catalog.tmd.go.th/api/3,0,active
gdcatalog.energy.go.th,"The accounting system Office of the Permanent Secretary, Ministry of Energy",https://gdcatalog.energy.go.th,ckan,Open data portal,federal,TH,Thailand,Ministry of Energy (Thailand),Central government,https://gdcatalog.energy.go.th/api/3,219,active
dadosabertos.ibama.gov.br,The Brazilian Institute for the Environment and Renewable Natural Resources (Ibama) open data,https://dadosabertos.ibama.gov.br,ckan,Open data portal,federal,BR,Brazil,The Brazilian Institute for the Environment and Renewable Natural Resources (Ibama),Central government,https://dadosabertos.ibama.gov.br/api/3,70,active
catalogue.cioosatlantic.ca,The Canadian Integrated Ocean Observing System (CIOOS) data catalog,https://catalogue.cioosatlantic.ca,ckan,Open data portal,federal,CA,Canada,The Canadian Integrated Ocean Observing System (CIOOS),Academy,https://catalogue.cioosatlantic.ca/api/3,259,active
portal.opendata.dk,The Danish Data Portal,https://portal.opendata.dk,ckan,Open data portal,federal,DK,Denmark,Open Data DK,Civil society,,0,active
data.smgov.net,The Data Portal for the City of Santa Monica,https://data.smgov.net,ckan,Open data portal,local,US,United States,City of Santa Monica,Local government,https://data.smgov.net/api/3,0,active
dartportal.leeds.ac.uk,The Detection of Archaeological Residues using Remote-sensing Techniques (DART) data portal,http://dartportal.leeds.ac.uk,ckan,Open data portal,state,GB,United Kingdom,University of Leeds,Academy,http://dartportal.leeds.ac.uk/api/3,0,active
digitwin.geoecomar.ro,The Digital Twin of Romania's Coastal Zone,https://digitwin.geoecomar.ro/,ckan,Open data portal,federal,RO,Romania,National Institute for Research and Development of Marine Geology and Geoecology,Academy,,0,active
edge.durban,The Durban Edge,https://edge.durban,ckan,Open data portal,local,ZA,South Africa,EThekwini Municipality,Local government,,0,active
ckan.earlham.ac.uk,The Earlham Institute (EI) data,https://ckan.earlham.ac.uk,ckan,Open data portal,federal,GB,United Kingdom,The Earlham Institute (EI),Academy,https://ckan.earlham.ac.uk/api/3,1942,active
catalogue.eidf.ac.uk,The EIDF Data Catalogue,https://catalogue.eidf.ac.uk/,ckan,Open data portal,state,GB,United Kingdom,Edinburgh Parallel Computing Centre (EPCC),Academy,https://catalogue.eidf.ac.uk/api/3,11,active
data.waterpathogens.org,The Global Water Pathogens Project (GWPP) Open Data Portal,https://data.waterpathogens.org,ckan,Open data portal,federal,US,United States,The Global Water Pathogens Project (GWPP),Academy,https://data.waterpathogens.org/api/3,47,active
marcosouth.org,The GMES and Africa Marine and Coastal Operations (MarCOSouth) project,https://marcosouth.org,ckan,Open data portal,federal,ZA,South Africa,The Council for Scientific and Industrial Research (South Africa),Academy,https://marcosouth.org/api/3,0,active
data.corkcity.ie,The Home of Open Data in Cork,https://data.corkcity.ie,ckan,Open data portal,local,IE,Ireland,City of Cork,Local government,,0,active
catalog.data.gov,The Home of the U.S. Government Open Data,https://catalog.data.gov,ckan,Open data portal,federal,US,United States,GSA Technology Transformation Services,Central government,https://catalog.data.gov/api/3,0,active
data.tt,The Home of Trinidad and Tobago open data,https://data.tt,ckan,Open data portal,federal,TT,Trinidad and Tobago,The University of the West Indies,Academy,,0,active
kfar-saba.datacity.org.il,The Kfar Saba Municipality open data portal,https://kfar-saba.datacity.org.il,ckan,Open data portal,local,IL,Israel,Kfar Saba Municipality,Local government,https://kfar-saba.datacity.org.il/api/3,33,active
data.mmr.cz,The Ministry of Regional Development of the Czech Republic open data portal,http://data.mmr.cz,ckan,Open data portal,federal,CZ,Czech Republic,The Ministry of Regional Development of the Czech Republic,Central government,,0,active
catalog-intaros.nersc.no,The Nansen Center Open Data Portal,https://catalog-intaros.nersc.no,ckan,Open data portal,federal,NO,Norway,The Nansen Center,Academy,https://catalog-intaros.nersc.no/api/3,190,active
kozadatportal.hu,The National Public Data Portal of Hungary,https://kozadatportal.hu,ckan,Open data portal,federal,HU,Hungary,National data asset management agency,Central government,https://kozadatportal.hu/api/3,2283,active
datacatalog.nbtc.go.th,The Office of the NBTC Data Catalog,https://datacatalog.nbtc.go.th,ckan,Open data portal,federal,TH,Thailand,The Office of the NBTC,Central government,https://datacatalog.nbtc.go.th/api/3,0,active
opendata.porto.digital,The Open Data Portal of the city of Porto,https://opendata.porto.digital,ckan,Open data portal,local,PT,Portugal,Porto City Council,Local government,https://opendata.porto.digital/api/3,110,active
datosabiertos.ingenieria.usac.edu.gt,The Open Data Portal of the Faculty of Engineering of the University of San Carlos de Guatemala,https://datosabiertos.ingenieria.usac.edu.gt,ckan,Open data portal,federal,GT,Guatemala,University of San Carlos de Guatemala,Academy,https://datosabiertos.ingenieria.usac.edu.gt/api/3,0,active
opendata.hasadna.org.il,The Public Knowledge Workshop Data Portal,https://opendata.hasadna.org.il,ckan,Open data portal,federal,IL,Israel,The Workshop for Public Knowledge,Civil society,https://opendata.hasadna.org.il/api/3,14,active
rciims.mona.uwi.edu,The Regional Coastal Integrated Information Management System (RCIIMS),https://rciims.mona.uwi.edu,ckan,Open data portal,federal,JM,Jamaica,The University of the West Indies,Academy,https://rciims.mona.uwi.edu/api/3,0,active
dados.mda.gov.br,The Special Secretariat for Family Agriculture and Agrarian Development data portal,https://dados.mda.gov.br,ckan,Open data portal,federal,BR,Brazil,The Special Secretariat for Family Agriculture and Agrarian Development (Brazil),Central government,http://dados.mda.gov.br/api/3,0,active
opendata.tisi.go.th,The Thai Industrial Standards Institute data catalog,https://opendata.tisi.go.th,ckan,Open data portal,federal,TH,Thailand,The Thai Industrial Standards Institute (Thailand),Central government,https://opendata.tisi.go.th/api/3,10,active
data.tn.gov,TN Open Data Portal,https://data.tn.gov,ckan,Open data portal,state,US,United States,Not specified in provided sources,Regional government,https://data.tn.gov/api/3,0,active
opendata.city.tokushima.tokushima.jp,Tokushima City Open Data Portal,https://opendata.city.tokushima.tokushima.jp,ckan,Open data portal,local,JP,Japan,City of Tokushima,Local government,https://opendata.city.tokushima.tokushima.jp/api/3/action/package_list,0,active
catalog.data.metro.tokyo.lg.jp,Tokyo Open Data,https://catalog.data.metro.tokyo.lg.jp,ckan,Open data portal,state,JP,Japan,Tokyo Metropolitan Government,Regional government,https://catalog.data.metro.tokyo.lg.jp/api/3,9901,active
ckan-tokyochallenge.odpt.org,Tokyo Open Data Challenge for Public Transportation,https://ckan-tokyochallenge.odpt.org,ckan,Open data portal,state,JP,Japan,"Ministry of Land, Infrastructure, Transport and Tourism (implied, as project sponsor); Tokyo Metropolitan Government (implied, as host region); however, precise owner not directly specified in given URL",Regional government,https://ckan-tokyochallenge.odpt.org/api/3/action/package_list,0,active
portal.data.metro.tokyo.lg.jp,Tokyo Open Data CKAN portal,https://portal.data.metro.tokyo.lg.jp,ckan,Open data portal,state,JP,Japan,Tokyo Metropolitan Government,Regional government,https://catalog.data.metro.tokyo.lg.jp/api/3,9901,active
data.toll.no,Tolletatens åpne data,https://data.toll.no,ckan,Open data portal,federal,NO,Norway,Norwegian Customs,Central government,https://data.toll.no/api/3,26,active
data.trca.ca,Toronto and Region Conservation Authority (TRCA) open data,https://data.trca.ca,ckan,Open data portal,local,CA,Canada,Toronto and Region Conservation Authority (TRCA),Local government,https://data.trca.ca/api/3,16,active
opendata.tgo.or.th,Tourism Authority of Thailand (TAT) Open Data Portal,http://opendata.tgo.or.th,ckan,Open data portal,federal,TH,Thailand,Tourism Authority of Thailand (TAT),Central government,http://opendata.tgo.or.th/api/3,15,active
catalog.travellink.go.th,Tourism Data Catalog (Thailand),https://catalog.travellink.go.th,ckan,Open data portal,federal,TH,Thailand,Travel Link,Central government,https://catalog.travellink.go.th/api/3,0,active
opdt.city.toyama.lg.jp,Toyama City Open Data Portal,https://opdt.city.toyama.lg.jp,ckan,Open data portal,local,JP,Japan,Toyama City,Local government,https://opdt.city.toyama.lg.jp/api/3,131,active
mc.consejomagistratura.gob.ar,Transparencia y Participación Ciudadana - Consejo de la Magistratura,http://mc.consejomagistratura.gob.ar,ckan,Open data portal,federal,AR,Argentina,"Consejo de la Magistratura, Poder Judicial de la Nación",Central government,,0,active
transparenz.karlsruhe.de,Transparenzportal der Stadt Karlsruhe,https://transparenz.karlsruhe.de,ckan,Open data portal,local,DE,Germany,Stadt Karlsruhe,Local government,https://transparenz.karlsruhe.de/api/3,148,active
suche.transparenz.hamburg.de,Transparenzportal Hamburg,https://suche.transparenz.hamburg.de,ckan,Open data portal,local,DE,Germany,Hamburgischen Transparenzgesetz (HmbTG),Local government,https://suche.transparenz.hamburg.de/api/3,235945,active
opendata.transport.nsw.gov.au,Transport for NSW Open Data Hub,https://opendata.transport.nsw.gov.au,ckan,Open data portal,state,AU,Australia,Transport for NSW,Regional government,https://opendata.transport.nsw.gov.au/api/3,230,active
datagov.mot.go.th,Transportation accounting system. MOT Data Catalog,https://datagov.mot.go.th,ckan,Open data portal,federal,TH,Thailand,Ministry of Transport Thailand,Central government,https://datagov.mot.go.th/api/3,0,active
dati.trentino.it,Trentino Open Data Portal,https://dati.trentino.it,ckan,Open data portal,local,IT,Italy,City of Trentino,Local government,https://dati.trentino.it/api/3,1330,active
catalog.sso.go.th,Tthe Social Security Office Accounting System (Thailand),https://catalog.sso.go.th,ckan,Open data portal,federal,TH,Thailand,Social Security Office (Thailand),Central government,https://catalog.sso.go.th/api/3,67,active
hub.tumidata.org,TUMI Data Hub,https://hub.tumidata.org,ckan,Open data portal,federal,World,World,TUMI (Transformative Urban Mobility Initiative),International,https://hub.tumidata.org/api/3,1020,active
data.transport.tn,Tunisian Open Data Transport,https://data.transport.tn,ckan,Open data portal,federal,TN,Tunis,République Tunisienne Ministère du Transport,Central government,http://data.transport.tn/api/3,0,active
dataportal.gov.tc,Turks and Caicos Data Portal,https://dataportal.gov.tc,ckan,Open data portal,federal,TC,Turks and Caicos Islands,South Atlantic Environmental Research Institute (SAERI),Central government,https://dataportal.gov.tc/api/3,0,active
datacatalog.tusla.ie,Tusla Data Catalogue,https://datacatalog.tusla.ie,ckan,Open data portal,federal,IE,Ireland,Ireland Child and Family Agency,Central government,https://datacatalog.tusla.ie/api/3,1492,active
veri.tuzla.bel.tr,Tuzla municipality Open Data Portal,https://veri.tuzla.bel.tr,ckan,Open data portal,local,TR,Turkey,Tuzla Municipality,Local government,https://veri.tuzla.bel.tr/api/3,0,active
data.sba.gov,U.S. Small Business Administration (SBA) | Open Data,https://data.sba.gov,ckan,Open data portal,federal,US,United States,U.S. Small Business Administration (SBA),Central government,https://data.sba.gov/api/3,41,active
data.bayanat.ae,UAE Open Data Portal,https://data.bayanat.ae,ckan,Open data portal,federal,AE,United Arab Emirates,Government of UAE,Central government,,0,active
data.sustain.ubc.ca,UBC Sustainability Data Portal,https://data.sustain.ubc.ca,ckan,Open data portal,state,CA,Canada,University of British Columbia,Academy,https://data.sustain.ubc.ca/api/3,0,active
data.ubdc.ac.uk,UBDC Data Catalogue,https://data.ubdc.ac.uk,ckan,Open data portal,state,GB,United Kingdom,University of Glasgow,Academy,https://data.ubdc.ac.uk/api/3,0,active
daten.rlp.de,Über Open Data Plattform Rheinland-Pfalz,https://daten.rlp.de,ckan,Open data portal,state,DE,Germany,Government of Rheinland-Pfalz,Regional government,https://daten.rlp.de/api/3,0,active
dados.ufop.br,UFOP Dados Abertos,https://dados.ufop.br,ckan,Open data portal,federal,BR,Brazil,Universidade Federal de Ouro Preto,Academy,http://dados.ufop.br/api/3,70,active
opendata.uixai.org,UIX AI Open Data,https://opendata.uixai.org/,ckan,Open data portal,federal,JP,Japan,UIX AI,Business,https://opendata.uixai.org/api/3/action/package_list,0,active
data.gov.uk,UK Open data portal,https://data.gov.uk,ckan,Open data portal,federal,GB,United Kingdom,Government of United Kingdom,Central government,,0,active
ulasav.csb.gov.tr,Ulusal Akıllı Şehir Açık Veri Platformu,https://ulasav.csb.gov.tr,ckan,Open data portal,federal,TR,Turkey,"MINISTRY OF ENVIRONMENT, URBANIZATION AND CLIMATE CHANGE of Turkey",Central government,https://ulasav.csb.gov.tr/api/3,0,active
datosabiertos.unc.edu.ar,UNCKAN - Universidad Nacional de Córdoba,https://datosabiertos.unc.edu.ar/,ckan,Open data portal,state,AR,Argentina,Universidad Nacional de Córdoba,Academy,,0,active
ugos.info,Understanding Gulf Ocean Systems Data Catalog,https://ugos.info/,ckan,Open data portal,federal,US,United States,"Gulf Research Program (GRP) / National Academies of Sciences, Engineering, and Medicine",Academy,,0,active
opendata.adico.fr,Une plateforme. Open data. Pour vous.,https://opendata.adico.fr,ckan,Open data portal,federal,FR,France,Adico,Business,,0,active
knowledgehub-uat.unhcr.org,UNHCR Open Data Portal,https://knowledgehub-uat.unhcr.org/,ckan,Open data portal,international,World,World,UNHCR,International,https://knowledgehub-uat.unhcr.org/api/3,0,active
linkeddatacatalog.dws.informatik.uni-mannheim.de,Uni Mannheim Open Data Portal,https://linkeddatacatalog.dws.informatik.uni-mannheim.de,ckan,Open data portal,federal,DE,Germany,Uni Mannheim,Academy,,0,active
dati.unibo.it,UniBo Data Catalog,https://dati.unibo.it,ckan,Open data portal,federal,IT,Italy,Università di Bologna,Academy,https://dati.unibo.it/api/3,34,active
data.unibuc.ro,UniBuc Data Portal,https://data.unibuc.ro,ckan,Open data portal,federal,RO,Romania,University of Bucharest,Academy,https://data.unibuc.ro/api/3,1,active
opendata.gov.mn,Unified Open Data Portal of Mongolia,https://opendata.gov.mn,ckan,Open data portal,federal,MN,Mongolia,The Government of Mongolia,Central government,https://opendata.gov.mn/api/3,0,active
dati.unionevallesavio.it,Unione dei Comuni Valle del Savio Data catalog,https://dati.unionevallesavio.it,ckan,Open data portal,local,IT,Italy,Unione dei Comuni Valle del Savio,Local government,,0,active
dados.unipampa.edu.br,UNIPAMPA - Portal de Dados Abertos,https://dados.unipampa.edu.br,ckan,Open data portal,state,BR,Brazil,Universidade Federal do Pampa (UNIPAMPA),Academy,https://dados.unipampa.edu.br/api/3,0,active
unitedagainstnucleariran.com,United Against Nuclear Iran (UANI),https://www.unitedagainstnucleariran.com,ckan,Open data portal,federal,US,United States,United Against Nuclear Iran (UANI),Civil society,,0,active
dados.univasf.edu.br,UNIVASF Dados - Repositório Institucional de Dados da Universidade Federal do Vale do São Francisco,https://www.dados.univasf.edu.br,ckan,Open data portal,federal,BR,Brazil,Universidade Federal do Vale do São Francisco,Academy,,0,active
opendata.unex.es,Universidad de Extremadura open data,https://opendata.unex.es,ckan,Open data portal,federal,ES,Spain,Universidad de Extremadura,Academy,https://opendata.unex.es/api/3,152,active
odata.udg.edu,Universitat de Girona Open Data Portal,https://odata.udg.edu,ckan,Open data portal,federal,ES,Spain,Universitat de Girona,Academy,https://odata.udg.edu/api/3,100,active
datenportal.prosper-ro.auf.uni-rostock.de,"Universität Rostock, Prosper-Ro project Open Data Portal",https://datenportal.prosper-ro.auf.uni-rostock.de,ckan,Open data portal,federal,DE,Germany,"Universität Rostock, Prosper-Ro project",Academy,https://datenportal.prosper-ro.auf.uni-rostock.de/api/3,0,active
opendata-hro.de,Universitätsstadt Rostock Open Data Portal,https://www.opendata-hro.de,ckan,Open data portal,state,DE,Germany,Universitätsstadt Rostock,Academy,https://www.opendata-hro.de/api/3,279,active
data.bris.ac.uk,University of Bristol. Research Data Repository,https://data.bris.ac.uk/data/,ckan,Open data portal,state,GB,United Kingdom,University of Bristol,Academy,,0,active
opendata-crc.di.unisa.it,University of Salerno data catalog,https://opendata-crc.di.unisa.it,ckan,Open data portal,state,IT,Italy,University of Salerno,Academy,,0,active
opendata.upplandsvasby.se,Upplands Väsby kommun - Öppen dataportal,https://opendata.upplandsvasby.se/,ckan,Open data portal,local,SE,Sweden,Upplands Väsby kommun,Local government,https://opendata.upplandsvasby.se/api/3,7,active
ckan.umo.tudelft.nl,Urban Mobility Observatory,https://ckan.umo.tudelft.nl/,ckan,Open data portal,state,NL,Netherlands,TU Delft,Academy,https://ckan.umo.tudelft.nl/api/3,0,active
madih.hu.edu.jo,URL not crawlable.,https://madih.hu.edu.jo,ckan,Open data portal,federal,JO,Jordan,The Hashemite University,Academy,https://madih.hu.edu.jo/api/3,0,active
ckan.perpusnas.go.id,Use Vocabularies for Data Catalog Extraction,https://ckan.perpusnas.go.id,ckan,Open data portal,federal,ID,Indonesia,Perpusnas,Central government,https://ckan.perpusnas.go.id/api/3,0,active
datos.usinatandil.com.ar,Usina Popular y Municipal de Tandil S.E.M.,https://datos.usinatandil.com.ar,ckan,Open data portal,local,AR,Argentina,Usina Popular y Municipal de Tandil S.E.M.,Local government,https://datos.usinatandil.com.ar/api/3,8,active
catalog.city.utsunomiya.tochigi.jp,Utsunomiya city Open Data Portal,https://catalog.city.utsunomiya.tochigi.jp,ckan,Open data portal,local,JP,Japan,Utsunomiya city,Local government,https://catalog.city.utsunomiya.tochigi.jp/api/3,295,active
data.city.utsunomiya.tochigi.jp,Utsunomiya City Open Data Portal,https://data.city.utsunomiya.tochigi.jp,ckan,Open data portal,local,JP,Japan,Utsunomiya City,Local government,https://catalog.city.utsunomiya.tochigi.jp/api/3,295,active
opendata.vlci.valencia.es,Valencia City Council Open Data Portal,https://opendata.vlci.valencia.es,ckan,Open data portal,federal,ES,Spain,Valencia City Council,Local government,https://opendata.vlci.valencia.es/api/3,310,active
dadesobertes.valls.cat,VallsOpenDAta,https://dadesobertes.valls.cat/ca/dataset,ckan,Open data portal,local,ES,Spain,VallsOpenDAta,Local government,https://dadesobertes.valls.cat/api/3,0,active
discover.data.vic.gov.au,Victoria open data platform,https://discover.data.vic.gov.au,ckan,Open data portal,state,AU,Australia,State of Victoria,Regional government,https://discover.data.vic.gov.au/api/3,5447,active
data.vic.gov.au,Victorian Government Data Directory,https://data.vic.gov.au,ckan,Open data portal,state,AU,Australia,State of Victoria,Regional government,https://data.vic.gov.au/data/api/3,0,active
open.data.gov.vn,Vietnam open data portal,https://open.data.gov.vn,ckan,Open data portal,federal,VN,Vietnam,Vietnam ministry of information and communication ,Central government,https://open.data.gov.vn/api/3,0,active
data.vodic.vn,Vietnam Open Data Portal Marine and island environment and resources,http://data.vodic.vn,ckan,Open data portal,federal,VN,Vietnam,Vietnam national sea and island data information center,Central government,http://data.vodic.vn/api/3,0,active
donnees.montreal.ca,Ville de Montréal Open Data,https://donnees.montreal.ca,ckan,Open data portal,local,CA,Canada,City of Monreal,Local government,https://donnees.montreal.ca/api/3,397,active
opendata.vilnius.lt,Vilnius Open Data Portal,https://opendata.vilnius.lt,ckan,Open data portal,state,LT,Lithuania,IVPK Information Society Development Committee Budgetary institution,Regional government,https://opendata.vilnius.lt/api/3,0,active
opendata.vinhlong.gov.vn,Vinh Long open data portal,https://opendata.vinhlong.gov.vn,ckan,Open data portal,state,VN,Vietnam,Vinh Long Provincial People's Committee,Regional government,https://opendata.vinhlong.gov.vn/api/3,0,active
data.visualisingballarat.org.au,Visualising Ballarat Data Catalogue,https://data.visualisingballarat.org.au,ckan,Open data portal,local,AU,Australia,City of Ballarat,Local government,https://data.visualisingballarat.org.au/api/3,937,active
opendata.vnptit.vn,VNPT Open Data Portal,https://opendata.vnptit.vn,ckan,Open data portal,federal,VN,Vietnam,VNPT Information Technology company,Business,https://opendata.vnptit.vn/api/3,17,active
vulekamali.gov.za,vulekamali – South Africa budget data portal,https://vulekamali.gov.za/,ckan,Open data portal,,ZA,,,,https://data.vulekamali.gov.za/api/3,0,
data.vulekamali.gov.za,Vulekamali – South Africa Budget Data Portal,https://data.vulekamali.gov.za,ckan,Open data portal,federal,ZA,South Africa,National Treasury Republic of South Africa,Central government,,0,active
opendata.waterjpi.eu,Water JPI: Open Data & Open Access,https://opendata.waterjpi.eu,ckan,Open data portal,federal,EU,European Union,Water JPI,International,,0,active
ckan.wewantwind.org,We Want Wind Open Data,https://ckan.wewantwind.org,ckan,Open data portal,federal,GB,United Kingdom,We Want Wind,Other,,0,active
datenportal.wetscapes.de,Wetscapes Daten,https://datenportal.wetscapes.de,ckan,Open data portal,state,DE,Germany,Wetscapes,Academy,,0,active
wifire-data.sdsc.edu,WIFIRE Commons Data Catalog,https://wifire-data.sdsc.edu,ckan,Open data portal,state,US,United States,San Diego Supercomputer Center,Academy,https://wifire-data.sdsc.edu/api/3,3699,active
opendata.winchesterva.gov,Winchester VA,https://opendata.winchesterva.gov,ckan,Open data portal,local,US,United States,City of Winchester,Local government,https://opendata.winchesterva.gov/api/3,547,active
data.winnipegmetroregion.ca,Winnipeg Metropolitan Region Data,https://data.winnipegmetroregion.ca,ckan,Open data portal,state,CA,Canada,Winnipeg Metropolitan Region,Regional government,https://data.winnipegmetroregion.ca/api/3,33,active
wgnhs.wisc.edu,Wisconsin Geological and Natural History Survey (WGNHS),https://wgnhs.wisc.edu,ckan,Open data portal,state,US,United States,University of Wisconsin–Madison,Academy,,0,active
energydata.info,World Bank Group Open Data Portal,https://energydata.info,ckan,Open data portal,international,World,World,World Bank Group,International,https://energydata.info/api/3,1188,active
wbwaterdata.org,World Bank Water Data,https://wbwaterdata.org,ckan,Open data portal,international,World,World,World Bank Group,International,https://wbwaterdata.org/api/3,2680,active
datasets.wri.org,World Resources Institute Data Catalog,https://datasets.wri.org,ckan,Open data portal,federal,World,World,World Resources Institute,International,https://datasets.wri.org/api/3,29,active
old-datasets.wri.org,WRI Old Datasets,https://old-datasets.wri.org/,ckan,Open data portal,federal,World,World,World Resources Institute,International,http://old-datasets.wri.org/api/3,0,deprecated
wvcheckbook.gov,WV Checkbook,https://www.wvcheckbook.gov,ckan,Open data portal,state,US,United States,State of West Virginia,Regional government,https://www.wvcheckbook.gov/api/3,0,active
yamaguchi-opendata.jp,Yamaguchi Pref Open data portal,https://yamaguchi-opendata.jp,ckan,Open data portal,state,JP,Japan,Yamaguchi Prefecture,Regional  government,https://yamaguchi-opendata.jp/api/3/action/package_list,0,active
data.city.yokohama.lg.jp,Yokohama City Open Data Portal,https://data.city.yokohama.lg.jp,ckan,Open data portal,state,JP,Japan,Yokohama City,Regional government,https://data.city.yokohama.lg.jp/api/3,649,active
data.yorkopendata.org,York Open Data,https://data.yorkopendata.org,ckan,Open data portal,local,GB,United Kingdom,City of York (UK),Local government,https://data.yorkopendata.org/api/3,1357,active
journaldata.zbw.eu,ZBW Journal Data Archive,https://journaldata.zbw.eu,ckan,Open data portal,federal,DE,Germany,ZBW – Leibniz Information Centre for Economics,Academy,,0,active
geodm.gr,Γεωγραφικό Σύστημα Πληροφοριών Δυτικής Μακεδονίας,https://geodm.gr,ckan,Open data portal,federal,GR,Greece,Region of Western Macedonia,Regional government,https://geodm.gr/api/3,0,active
open-data-nikaia.reasonablegraph.org,Δήμος Νίκαιας,https://open-data-nikaia.reasonablegraph.org/,ckan,Open data portal,local,GR,Greece,Municipality of Nikaia,Local government,,0,active
library.atticawetlands.eu,Υγρότοποι Αττικής - Αποθετήριο Υγροτόπων,https://library.atticawetlands.eu,ckan,Open data portal,federal,GR,Greece,Region of Attica,Regional government,https://library.atticawetlands.eu/api/3,0,active
opendata.vin.gov.ua,Відкриті дані Вінницької області,https://opendata.vin.gov.ua,ckan,Open data portal,state,UA,Ukraine,Vinnytsia Oblast State Administration,Regional government,https://opendata.vin.gov.ua/api/3,1,active
urbandata.sofia.bg,Данните на София,https://urbandata.sofia.bg/,ckan,Open data portal,local,BG,Bulgaria,Sofia City Municipality,Local government,https://urbandata.sofia.bg/api/3,310,active
ngodata.ru,Данные НКО,https://ngodata.ru,ckan,Open data portal,federal,RU,Russian Federation,Infoculture,Civil society,https://ngodata.ru/api/3,153,active
data.num.edu.mn,МУИС Нээлттэй Өгөгдөл,https://data.num.edu.mn,ckan,Open data portal,federal,MN,Mongolia,National University of Mongolia (NUM),Academy,https://data.num.edu.mn/api/3,31,active
data.openpolice.ru,Открытые данные полиции,https://data.openpolice.ru,ckan,Open data portal,federal,RU,Russian Federation,Open Police project,Civil society,http://data.openpolice.ru/api/3,0,active
data.gov.ua,Портал відкритих даних,https://data.gov.ua,ckan,Open data portal,federal,UA,Ukraine,Government of Ukraine,Central government,https://data.gov.ua/api/3,39696,active
data.carpathia.gov.ua,Портал відкритих даних Закарпаття,https://data.carpathia.gov.ua,ckan,Open data portal,state,UA,Ukraine,Закарпатська обласна військова адміністрація,Regional government,https://data.carpathia.gov.ua/api/3,94,active
data.imr.gov.ua,Портал відкритих даних Ірпінської міської ради,https://data.imr.gov.ua,ckan,Open data portal,local,UA,Ukraine,Ірпінська міська рада,Local government,https://data.imr.gov.ua/api/3,0,active
data.kr-rada.gov.ua,Портал відкритих даних Кропивницького,https://data.kr-rada.gov.ua,ckan,Open data portal,local,UA,Ukraine,Кропивницька міська рада,Local government,,0,active
data.lutskrada.gov.ua,Портал відкритих даних Луцької міської ради,https://data.lutskrada.gov.ua,ckan,Open data portal,local,UA,Ukraine,Lutsk City Council,Local government,,0,active
data.loda.gov.ua,Портал відкритих даних Львівської обласної державної адміністрації,https://data.loda.gov.ua,ckan,Open data portal,state,UA,Ukraine,Lviv Oblast State Administration,Regional government,,0,active
opendata.city-adm.lviv.ua,Портал відкритих даних Львова,https://opendata.city-adm.lviv.ua,ckan,Open data portal,local,UA,Ukraine,Lviv City Administration,Local government,https://opendata.city-adm.lviv.ua/api/3,1515,active
data.menarada.gov.ua,Портал відкритих даних Менської міської ради Чернігівської області,https://data.menarada.gov.ua,ckan,Open data portal,local,UA,Ukraine,Менська міська рада (Mena City Council),Local government,,0,active
dani.kolrada.gov.ua,Портал відкритих даних міста Коломия,https://dani.kolrada.gov.ua,ckan,Open data portal,federal,UA,Ukraine,Коломийська міська рада,Local government,,0,active
opendata.slavuta-mvk.gov.ua,Портал відкритих даних Славутської міської ради,https://opendata.slavuta-mvk.gov.ua,ckan,Open data portal,local,UA,Ukraine,Slavuta Municipal Council,Local government,https://opendata.slavuta-mvk.gov.ua/api/3,248,active
opendata.slavrada.gov.ua,Портал відкритих даних Слов'янська,https://opendata.slavrada.gov.ua,ckan,Open data portal,local,UA,Ukraine,Slovyansk City,Local government,http://opendata.slavrada.gov.ua/api/3,0,active
opendata.ternopilcity.gov.ua,Портал відкритих даних Тернополя,https://opendata.ternopilcity.gov.ua,ckan,Open data portal,local,UA,Ukraine,Ternopil City Council,Local government,,0,active
data.sgm.ru,Портал открытых данных ГГМ РАН,https://data.sgm.ru,ckan,Open data portal,federal,RU,Russian Federation,GGM RAN,Academy,,0,active
repository.nsedc.ru,Репозиторий НЦСЭД,https://repository.nsedc.ru,ckan,Open data portal,federal,RU,Russian Federation,IEP,Academy,https://repository.nsedc.ru/api/3,52186,active
hubofdata.ru,Хаб открытых данных,https://hubofdata.ru,ckan,Open data portal,federal,RU,Russian Federation,Infoculture,Civil society,https://hubofdata.ru/api/3,8226,active
opendata.br7.org.il,העיר באר שבע,https://opendata.br7.org.il,ckan,Open data portal,federal,IL,Israel,העיר באר שבע,Civil society,,0,active
catalog.dmf.go.th,กรมเชื้อเพลิงธรรมชาติ (Department of Mineral Fuels),https://catalog.dmf.go.th,ckan,Open data portal,federal,TH,Thailand,"Department of Mineral Fuels, Thailand",Central government,https://catalog.dmf.go.th/api/3,29,active
catalog.dpim.go.th,ระบบบัญชีข้อมูล กรมอุตสาหกรรมพื้นฐานและการเหมืองแร่ (DPIM Data Catalog),https://catalog.dpim.go.th,ckan,Open data portal,federal,TH,Thailand,"Department of Primary Industries and Mines (DPIM), Thailand",Central government,https://catalog.dpim.go.th/api/3,26,active
catalog.moe.go.th,ระบบบัญชีข้อมูล สำนักงานปลัดกระทรวงศึกษาธิการ,https://catalog.moe.go.th,ckan,Open data portal,federal,TH,Thailand,"Office of the Permanent Secretary, Ministry of Education",Central government,https://catalog.moe.go.th/api/3,0,active
data.dmr.go.th,ระบบบัญชีข้อมูลกรมทรัพยากรธรณี,https://data.dmr.go.th,ckan,Open data portal,federal,TH,Thailand,"Department of Mineral Resources, Thailand",Central government,https://data.dmr.go.th/api/3,134,active
catalog.sepo.go.th,ระบบบัญชีข้อมูลของสำนักงานคณะกรรมการนโยบายรัฐวิสาหกิจ,https://catalog.sepo.go.th,ckan,Open data portal,federal,TH,Thailand,State Enterprise Policy Office,Central government,https://catalog.sepo.go.th/api/3,13,active
catalog.rdpb.go.th,ระบบบัญชีข้อมูลสำนักงาน กปร.,https://catalog.rdpb.go.th,ckan,Open data portal,federal,TH,Thailand,"Office of the Royal Development Projects Board (ORDPB), Thailand",Central government,https://catalog.rdpb.go.th/api/3,5,active
catalog.mof.go.th,ระบบบัญชีข้อมูลสำนักงานปลัดกระทรวงการคลัง (Ministry of Finance Data Catalog),https://catalog.mof.go.th,ckan,Open data portal,federal,TH,Thailand,"Office of the Permanent Secretary, Ministry of Finance, Thailand",Central government,https://catalog.mof.go.th/api/3,48,active
catalog-cpd.data.go.th,ศูนย์เทคโนโลยีสารสนเทศและการสื่อสาร/กลุ่มฐานข้อมูลสารสนเทศ Open Data Portal,https://catalog-cpd.data.go.th,ckan,Open data portal,federal,TH,Thailand,ศูนย์เทคโนโลยีสารสนเทศและการสื่อสาร/กลุ่มฐานข้อมูลสารสนเทศ,Central government,https://catalog-cpd.data.go.th/api/3,0,active
ckan.pref.shizuoka.jp,ふじのくにオープンデータカタログ（Open Data Catalog Shizuoka）,https://ckan.pref.shizuoka.jp,ckan,Open data portal,state,JP,Japan,Prefectura Shizuoka,Regional government,https://ckan.pref.shizuoka.jp/api/3,0,active
opendata.city.chiba.jp,千葉市オープンデータカタログサイト (Chiba City Open Data Catalog Site),https://opendata.city.chiba.jp,ckan,Open data portal,local,JP,Japan,Chiba City,Local government,https://opendata.city.chiba.jp/api/3,0,active
opendata.e-land.gov.tw,宜蘭縣政府開放資料平台 (Yilan County Government Open Data Platform),https://opendata.e-land.gov.tw,ckan,Open data portal,state,TW,Taiwan,Yilan County Government,Regional government,https://opendata.e-land.gov.tw/api/3,0,active
opendata.city.moka.lg.jp,真岡市オープンデータカタログサイト - Dateno,https://opendata.city.moka.lg.jp,ckan,Open data portal,local,JP,Japan,City of Moka,Local government,https://opendata.city.moka.lg.jp/api/3,0,active
